EXAMPLE_ID,FAMILY,COMPLETION_FRACTION,PARTIAL_SEQUENCE,NEXT_STEP
ns_mosfet_0_0.6,mosfet,0.6,RECEIVE WAFER LOT|LOT IDENTIFICATION|INITIAL WAFER INSPECTION|MEASURE SURFACE PARTICLES|PRE CLEAN WAFER|RCA CLEAN 1|WET CLEAN RCA2|HF DIP|DRY WAFER|SUBSTRATE CHECK|EPITAXY PREP|EPITAXIAL DEPOSITION|MEASURE EPITAXY THICKNESS|MEASURE RESISTIVITY|EPITAXY ANNEAL|WAFER SURFACE CLEAN|THERMAL OXIDATION|MEASURE OXIDE THICKNESS|SPIN COAT PHOTORESIST|SOFT BAKE|ALIGN MASK LEVEL 1|EXPOSE LITHO LEVEL 1|POST EXPOSE BAKE|DEVELOP PHOTORESIST|PATTERN INSPECTION LEVEL 1|HARD BAKE|OXIDE ETCH|STRIP PHOTORESIST|CLEAN AFTER ETCH|MEASURE OPENING CD|IMPLANT WELL|PRE ANNEAL CHECK|DRIVE IN DIFFUSION|RAPID THERMAL ANNEAL|MEASURE JUNCTION DEPTH|THERMAL OXIDATION|GATE OXIDE PREP|GATE OXIDE GROWTH|MEASURE GATE OXIDE THICKNESS|DEPOSIT POLYSILICON|POLYSILICON ANNEAL|MEASURE POLY THICKNESS|SPIN COAT PHOTORESIST|SOFT BAKE|ALIGN MASK LEVEL 2|EXPOSE LITHO LEVEL 2|DEVELOP PHOTORESIST|POLY PATTERN INSPECTION|HARD BAKE|POLYSILICON ETCH|STRIP RESIST|CLEAN AFTER POLY ETCH|IMPLANT SOURCE DRAIN|LIGHT ANNEAL|MEASURE SHEET RESISTANCE|DEPOSIT SPACER DIELECTRIC|ANISOTROPIC ETCH SPACER|MEASURE SPACER WIDTH|IMPLANT LDD|RAPID THERMAL ANNEAL|DEPOSIT INTERLAYER DIELECTRIC|DENSIFY DIELECTRIC|MEASURE DIELECTRIC THICKNESS|CMP DIELECTRIC|MEASURE SURFACE PLANARITY|SPIN COAT PHOTORESIST|SOFT BAKE|ALIGN MASK LEVEL 3|EXPOSE LITHO LEVEL 3|DEVELOP PHOTORESIST|VIA OPENING INSPECTION|DIELECTRIC ETCH VIA|STRIP RESIST|CLEAN AFTER VIA ETCH|MEASURE VIA CD,DEPOSIT BARRIER METAL
ns_mosfet_0_0.8,mosfet,0.8,RECEIVE WAFER LOT|LOT IDENTIFICATION|INITIAL WAFER INSPECTION|MEASURE SURFACE PARTICLES|PRE CLEAN WAFER|RCA CLEAN 1|WET CLEAN RCA2|HF DIP|DRY WAFER|SUBSTRATE CHECK|EPITAXY PREP|EPITAXIAL DEPOSITION|MEASURE EPITAXY THICKNESS|MEASURE RESISTIVITY|EPITAXY ANNEAL|WAFER SURFACE CLEAN|THERMAL OXIDATION|MEASURE OXIDE THICKNESS|SPIN COAT PHOTORESIST|SOFT BAKE|ALIGN MASK LEVEL 1|EXPOSE LITHO LEVEL 1|POST EXPOSE BAKE|DEVELOP PHOTORESIST|PATTERN INSPECTION LEVEL 1|HARD BAKE|OXIDE ETCH|STRIP PHOTORESIST|CLEAN AFTER ETCH|MEASURE OPENING CD|IMPLANT WELL|PRE ANNEAL CHECK|DRIVE IN DIFFUSION|RAPID THERMAL ANNEAL|MEASURE JUNCTION DEPTH|THERMAL OXIDATION|GATE OXIDE PREP|GATE OXIDE GROWTH|MEASURE GATE OXIDE THICKNESS|DEPOSIT POLYSILICON|POLYSILICON ANNEAL|MEASURE POLY THICKNESS|SPIN COAT PHOTORESIST|SOFT BAKE|ALIGN MASK LEVEL 2|EXPOSE LITHO LEVEL 2|DEVELOP PHOTORESIST|POLY PATTERN INSPECTION|HARD BAKE|POLYSILICON ETCH|STRIP RESIST|CLEAN AFTER POLY ETCH|IMPLANT SOURCE DRAIN|LIGHT ANNEAL|MEASURE SHEET RESISTANCE|DEPOSIT SPACER DIELECTRIC|ANISOTROPIC ETCH SPACER|MEASURE SPACER WIDTH|IMPLANT LDD|RAPID THERMAL ANNEAL|DEPOSIT INTERLAYER DIELECTRIC|DENSIFY DIELECTRIC|MEASURE DIELECTRIC THICKNESS|CMP DIELECTRIC|MEASURE SURFACE PLANARITY|SPIN COAT PHOTORESIST|SOFT BAKE|ALIGN MASK LEVEL 3|EXPOSE LITHO LEVEL 3|DEVELOP PHOTORESIST|VIA OPENING INSPECTION|DIELECTRIC ETCH VIA|STRIP RESIST|CLEAN AFTER VIA ETCH|MEASURE VIA CD|DEPOSIT BARRIER METAL|DEPOSIT METAL SEED|FILL VIA METAL|CMP VIA FILL|MEASURE CONTACT RESISTANCE|DEPOSIT TOP METAL|ANNEAL METAL 1|SPIN COAT PHOTORESIST|SOFT BAKE|ALIGN MASK LEVEL 4|EXPOSE LITHO LEVEL 4|POST EXPOSE BAKE|DEVELOP PHOTORESIST|METAL PATTERN INSPECTION|HARD BAKE|METAL ETCH|STRIP PHOTORESIST|CLEAN AFTER METAL ETCH|DEPOSIT PASSIVATION|CURE PASSIVATION|MEASURE PASSIVATION THICKNESS|OPEN BOND PAD WINDOW|OPEN PAD WINDOW LITHO|DEVELOP PAD WINDOW|PASSIVATION ETCH,STRIP RESIST
ns_mosfet_1_0.6,mosfet,0.6,RECEIVE WAFER LOT|LOT IDENTIFICATION|INITIAL WAFER INSPECTION|MEASURE THICKNESS|MEASURE SURFACE PARTICLES|PRE CLEAN WAFER|BACKSIDE CLEAN|FRONTSIDE CLEAN|RCA CLEAN 1|RCA CLEAN 2|HF DIP|SUBSTRATE CHECK|EPITAXY PREP|EPITAXIAL DEPOSITION|MEASURE EPITAXY THICKNESS|MEASURE RESISTIVITY|EPITAXY ANNEAL|WAFER SURFACE CLEAN|THERMAL OXIDATION|MEASURE OXIDE THICKNESS|SPIN COAT PHOTORESIST|SOFT BAKE|ALIGN MASK LEVEL 1|EXPOSE LITHO LEVEL 1|DEVELOP PHOTORESIST|PATTERN INSPECTION LEVEL 1|OXIDE ETCH|STRIP PHOTORESIST|CLEAN AFTER ETCH|MEASURE OPENING CD|IMPLANT WELL|PRE ANNEAL CHECK|DRIVE IN DIFFUSION|RAPID THERMAL ANNEAL|THERMAL OXIDATION|GATE OXIDE PREP|GATE OXIDE GROWTH|MEASURE GATE OXIDE THICKNESS|DEPOSIT POLYSILICON|POLYSILICON ANNEAL|MEASURE POLY THICKNESS|SPIN COAT PHOTORESIST|SOFT BAKE|ALIGN MASK LEVEL 2|EXPOSE LITHO LEVEL 2|DEVELOP PHOTORESIST|POLY PATTERN INSPECTION|POLYSILICON ETCH|STRIP PHOTORESIST|CLEAN AFTER POLY ETCH|MEASURE GATE CD|IMPLANT SOURCE DRAIN|LIGHT ANNEAL|MEASURE SHEET RESISTANCE|DEPOSIT SPACER DIELECTRIC|ANISOTROPIC ETCH SPACER|MEASURE SPACER WIDTH|IMPLANT LDD|PRE ANNEAL CHECK|RAPID THERMAL ANNEAL|MEASURE JUNCTION PROFILE|DEPOSIT INTERLEVEL DIELECTRIC|DENSIFY OXIDE|MEASURE FILM THICKNESS|CMP DIELECTRIC|MEASURE SURFACE PLANARITY|SPIN COAT PHOTORESIST|SOFT BAKE|ALIGN MASK LEVEL 3|EXPOSE LITHO LEVEL 3|DEVELOP PHOTORESIST|VIA INSPECTION|VIA ETCH|STRIP PHOTORESIST,CLEAN AFTER VIA ETCH
ns_mosfet_1_0.8,mosfet,0.8,RECEIVE WAFER LOT|LOT IDENTIFICATION|INITIAL WAFER INSPECTION|MEASURE THICKNESS|MEASURE SURFACE PARTICLES|PRE CLEAN WAFER|BACKSIDE CLEAN|FRONTSIDE CLEAN|RCA CLEAN 1|RCA CLEAN 2|HF DIP|SUBSTRATE CHECK|EPITAXY PREP|EPITAXIAL DEPOSITION|MEASURE EPITAXY THICKNESS|MEASURE RESISTIVITY|EPITAXY ANNEAL|WAFER SURFACE CLEAN|THERMAL OXIDATION|MEASURE OXIDE THICKNESS|SPIN COAT PHOTORESIST|SOFT BAKE|ALIGN MASK LEVEL 1|EXPOSE LITHO LEVEL 1|DEVELOP PHOTORESIST|PATTERN INSPECTION LEVEL 1|OXIDE ETCH|STRIP PHOTORESIST|CLEAN AFTER ETCH|MEASURE OPENING CD|IMPLANT WELL|PRE ANNEAL CHECK|DRIVE IN DIFFUSION|RAPID THERMAL ANNEAL|THERMAL OXIDATION|GATE OXIDE PREP|GATE OXIDE GROWTH|MEASURE GATE OXIDE THICKNESS|DEPOSIT POLYSILICON|POLYSILICON ANNEAL|MEASURE POLY THICKNESS|SPIN COAT PHOTORESIST|SOFT BAKE|ALIGN MASK LEVEL 2|EXPOSE LITHO LEVEL 2|DEVELOP PHOTORESIST|POLY PATTERN INSPECTION|POLYSILICON ETCH|STRIP PHOTORESIST|CLEAN AFTER POLY ETCH|MEASURE GATE CD|IMPLANT SOURCE DRAIN|LIGHT ANNEAL|MEASURE SHEET RESISTANCE|DEPOSIT SPACER DIELECTRIC|ANISOTROPIC ETCH SPACER|MEASURE SPACER WIDTH|IMPLANT LDD|PRE ANNEAL CHECK|RAPID THERMAL ANNEAL|MEASURE JUNCTION PROFILE|DEPOSIT INTERLEVEL DIELECTRIC|DENSIFY OXIDE|MEASURE FILM THICKNESS|CMP DIELECTRIC|MEASURE SURFACE PLANARITY|SPIN COAT PHOTORESIST|SOFT BAKE|ALIGN MASK LEVEL 3|EXPOSE LITHO LEVEL 3|DEVELOP PHOTORESIST|VIA INSPECTION|VIA ETCH|STRIP PHOTORESIST|CLEAN AFTER VIA ETCH|DEPOSIT BARRIER METAL|DEPOSIT METAL SEED|FILL VIA METAL|CMP VIA FILL|MEASURE CONTACT RESISTANCE|DEPOSIT TOP METAL|ANNEAL METAL|SPIN COAT PHOTORESIST|SOFT BAKE|ALIGN MASK LEVEL 4|EXPOSE LITHO LEVEL 4|DEVELOP PHOTORESIST|METAL PATTERN INSPECTION|HARD BAKE|METAL ETCH|STRIP RESIST|CLEAN AFTER METAL ETCH|MEASURE LINE WIDTH|DEPOSIT PASSIVATION LAYER|CURE PASSIVATION|MEASURE PASSIVATION QUALITY|OPEN PAD WINDOW|OPEN PAD WINDOW LITHO|DEVELOP PAD WINDOW,PASSIVATION ETCH PAD OPENING
ns_mosfet_2_0.6,mosfet,0.6,RECEIVE WAFER LOT|LOT IDENTIFICATION|INITIAL WAFER INSPECTION|MEASURE THICKNESS|MEASURE SURFACE PARTICLES|PRE CLEAN WAFER|BACKSIDE CLEAN|RCA CLEAN 1|WET CLEAN RCA2|HF DIP|SUBSTRATE CHECK|EPITAXY PREP|EPITAXIAL DEPOSITION|MEASURE EPITAXY THICKNESS|MEASURE RESISTIVITY|EPITAXY ANNEAL|WAFER SURFACE CLEAN|THERMAL OXIDATION|MEASURE OXIDE THICKNESS|SPIN COAT PHOTORESIST|SOFT BAKE|ALIGN MASK LEVEL 1|EXPOSE LITHO LEVEL 1|DEVELOP PHOTORESIST|PATTERN INSPECTION LEVEL 1|OXIDE ETCH|STRIP PHOTORESIST|CLEAN AFTER ETCH|MEASURE OPENING CD|IMPLANT WELL|PRE ANNEAL CHECK|DRIVE IN DIFFUSION|RAPID THERMAL ANNEAL|MEASURE JUNCTION DEPTH|THERMAL OXIDATION|GATE OXIDE PREP|GATE OXIDE GROWTH|MEASURE GATE OXIDE THICKNESS|DEPOSIT POLYSILICON|POLYSILICON ANNEAL|MEASURE POLY THICKNESS|SPIN COAT PHOTORESIST|SOFT BAKE|ALIGN MASK LEVEL 2|EXPOSE LITHO LEVEL 2|DEVELOP PHOTORESIST|POLY PATTERN INSPECTION|POLYSILICON ETCH|STRIP RESIST|CLEAN AFTER POLY ETCH|MEASURE GATE CD|IMPLANT SOURCE DRAIN|PRE ANNEAL CHECK|LIGHT ANNEAL|MEASURE SHEET RESISTANCE|DEPOSIT SPACER DIELECTRIC|ANISOTROPIC ETCH SPACER|MEASURE SPACER WIDTH|IMPLANT LDD|PRE ANNEAL CHECK|RAPID THERMAL ANNEAL|MEASURE JUNCTION PROFILE|DEPOSIT INTERLAYER DIELECTRIC|DENSIFY DIELECTRIC|MEASURE DIELECTRIC THICKNESS|CMP INTERLAYER DIELECTRIC|MEASURE SURFACE PLANARITY|SPIN COAT PHOTORESIST|SOFT BAKE|ALIGN MASK LEVEL 3|EXPOSE LITHO LEVEL 3|DEVELOP PHOTORESIST|VIA OPENING INSPECTION|VIA ETCH|STRIP PHOTORESIST|CLEAN AFTER VIA ETCH,MEASURE VIA CD
ns_mosfet_2_0.8,mosfet,0.8,RECEIVE WAFER LOT|LOT IDENTIFICATION|INITIAL WAFER INSPECTION|MEASURE THICKNESS|MEASURE SURFACE PARTICLES|PRE CLEAN WAFER|BACKSIDE CLEAN|RCA CLEAN 1|WET CLEAN RCA2|HF DIP|SUBSTRATE CHECK|EPITAXY PREP|EPITAXIAL DEPOSITION|MEASURE EPITAXY THICKNESS|MEASURE RESISTIVITY|EPITAXY ANNEAL|WAFER SURFACE CLEAN|THERMAL OXIDATION|MEASURE OXIDE THICKNESS|SPIN COAT PHOTORESIST|SOFT BAKE|ALIGN MASK LEVEL 1|EXPOSE LITHO LEVEL 1|DEVELOP PHOTORESIST|PATTERN INSPECTION LEVEL 1|OXIDE ETCH|STRIP PHOTORESIST|CLEAN AFTER ETCH|MEASURE OPENING CD|IMPLANT WELL|PRE ANNEAL CHECK|DRIVE IN DIFFUSION|RAPID THERMAL ANNEAL|MEASURE JUNCTION DEPTH|THERMAL OXIDATION|GATE OXIDE PREP|GATE OXIDE GROWTH|MEASURE GATE OXIDE THICKNESS|DEPOSIT POLYSILICON|POLYSILICON ANNEAL|MEASURE POLY THICKNESS|SPIN COAT PHOTORESIST|SOFT BAKE|ALIGN MASK LEVEL 2|EXPOSE LITHO LEVEL 2|DEVELOP PHOTORESIST|POLY PATTERN INSPECTION|POLYSILICON ETCH|STRIP RESIST|CLEAN AFTER POLY ETCH|MEASURE GATE CD|IMPLANT SOURCE DRAIN|PRE ANNEAL CHECK|LIGHT ANNEAL|MEASURE SHEET RESISTANCE|DEPOSIT SPACER DIELECTRIC|ANISOTROPIC ETCH SPACER|MEASURE SPACER WIDTH|IMPLANT LDD|PRE ANNEAL CHECK|RAPID THERMAL ANNEAL|MEASURE JUNCTION PROFILE|DEPOSIT INTERLAYER DIELECTRIC|DENSIFY DIELECTRIC|MEASURE DIELECTRIC THICKNESS|CMP INTERLAYER DIELECTRIC|MEASURE SURFACE PLANARITY|SPIN COAT PHOTORESIST|SOFT BAKE|ALIGN MASK LEVEL 3|EXPOSE LITHO LEVEL 3|DEVELOP PHOTORESIST|VIA OPENING INSPECTION|VIA ETCH|STRIP PHOTORESIST|CLEAN AFTER VIA ETCH|MEASURE VIA CD|DEPOSIT BARRIER METAL|DEPOSIT METAL SEED|FILL VIA METAL|CMP METAL|MEASURE CONTACT RESISTANCE|DEPOSIT METAL 1|ANNEAL METAL 1|SPIN COAT PHOTORESIST|SOFT BAKE|ALIGN MASK LEVEL 4|EXPOSE LITHO LEVEL 4|POST EXPOSE BAKE|DEVELOP PHOTORESIST|METAL PATTERN INSPECTION|HARD BAKE|METAL ETCH|STRIP RESIST|CLEAN AFTER METAL ETCH|DEPOSIT PASSIVATION|CURE PASSIVATION|MEASURE PASSIVATION THICKNESS|OPEN BOND PAD WINDOW|OPEN PAD WINDOW LITHO|DEVELOP PHOTORESIST|PASSIVATION ETCH PAD OPENING,STRIP PHOTORESIST
ns_mosfet_3_0.6,mosfet,0.6,RECEIVE WAFER LOT|LOT IDENTIFICATION|PRE CLEAN INSPECTION|MEASURE THICKNESS|MEASURE SURFACE PARTICLES|PRE CLEAN WAFER|FRONTSIDE CLEAN|RCA CLEAN 1|RCA CLEAN 2|HF DIP|DRY WAFER|SUBSTRATE CHECK|EPITAXY PREP|EPITAXIAL DEPOSITION|MEASURE EPITAXY THICKNESS|MEASURE RESISTIVITY|EPITAXY ANNEAL|WAFER SURFACE CLEAN|THERMAL OXIDATION|MEASURE OXIDE THICKNESS|SPIN COAT PHOTORESIST|SOFT BAKE|ALIGN MASK LEVEL 1|EXPOSE LITHO LEVEL 1|DEVELOP PHOTORESIST|PATTERN INSPECTION LEVEL 1|HARD BAKE|OXIDE ETCH|STRIP PHOTORESIST|CLEAN AFTER ETCH|MEASURE OPENING CD|IMPLANT WELL|DRIVE IN DIFFUSION|RAPID THERMAL ANNEAL|THERMAL OXIDATION|GATE OXIDE PREP|GATE OXIDE GROWTH|MEASURE GATE OXIDE THICKNESS|DEPOSIT POLYSILICON|POLYSILICON ANNEAL|MEASURE POLY THICKNESS|SPIN COAT PHOTORESIST|SOFT BAKE|ALIGN MASK LEVEL 2|EXPOSE LITHO LEVEL 2|DEVELOP PHOTORESIST|POLY PATTERN INSPECTION|POLYSILICON ETCH|STRIP RESIST|CLEAN AFTER POLY ETCH|MEASURE GATE CD|IMPLANT SOURCE DRAIN|PRE ANNEAL CHECK|LIGHT ANNEAL|MEASURE SHEET RESISTANCE|DEPOSIT SPACER DIELECTRIC|ANISOTROPIC ETCH SPACER|MEASURE SPACER WIDTH|IMPLANT LDD|PRE ANNEAL CHECK|RAPID THERMAL ANNEAL|MEASURE JUNCTION PROFILE|DEPOSIT INTERLEVEL DIELECTRIC|DENSIFY OXIDE|MEASURE DIELECTRIC THICKNESS|CMP DIELECTRIC|MEASURE SURFACE PLANARITY|SPIN COAT PHOTORESIST|SOFT BAKE|ALIGN MASK LEVEL 3|EXPOSE LITHO LEVEL 3|POST EXPOSE BAKE|DEVELOP PHOTORESIST|VIA INSPECTION|HARD BAKE|VIA ETCH THROUGH DIELECTRIC|STRIP RESIST|CLEAN AFTER VIA ETCH|DEPOSIT BARRIER METAL,DEPOSIT METAL SEED
ns_mosfet_3_0.8,mosfet,0.8,RECEIVE WAFER LOT|LOT IDENTIFICATION|PRE CLEAN INSPECTION|MEASURE THICKNESS|MEASURE SURFACE PARTICLES|PRE CLEAN WAFER|FRONTSIDE CLEAN|RCA CLEAN 1|RCA CLEAN 2|HF DIP|DRY WAFER|SUBSTRATE CHECK|EPITAXY PREP|EPITAXIAL DEPOSITION|MEASURE EPITAXY THICKNESS|MEASURE RESISTIVITY|EPITAXY ANNEAL|WAFER SURFACE CLEAN|THERMAL OXIDATION|MEASURE OXIDE THICKNESS|SPIN COAT PHOTORESIST|SOFT BAKE|ALIGN MASK LEVEL 1|EXPOSE LITHO LEVEL 1|DEVELOP PHOTORESIST|PATTERN INSPECTION LEVEL 1|HARD BAKE|OXIDE ETCH|STRIP PHOTORESIST|CLEAN AFTER ETCH|MEASURE OPENING CD|IMPLANT WELL|DRIVE IN DIFFUSION|RAPID THERMAL ANNEAL|THERMAL OXIDATION|GATE OXIDE PREP|GATE OXIDE GROWTH|MEASURE GATE OXIDE THICKNESS|DEPOSIT POLYSILICON|POLYSILICON ANNEAL|MEASURE POLY THICKNESS|SPIN COAT PHOTORESIST|SOFT BAKE|ALIGN MASK LEVEL 2|EXPOSE LITHO LEVEL 2|DEVELOP PHOTORESIST|POLY PATTERN INSPECTION|POLYSILICON ETCH|STRIP RESIST|CLEAN AFTER POLY ETCH|MEASURE GATE CD|IMPLANT SOURCE DRAIN|PRE ANNEAL CHECK|LIGHT ANNEAL|MEASURE SHEET RESISTANCE|DEPOSIT SPACER DIELECTRIC|ANISOTROPIC ETCH SPACER|MEASURE SPACER WIDTH|IMPLANT LDD|PRE ANNEAL CHECK|RAPID THERMAL ANNEAL|MEASURE JUNCTION PROFILE|DEPOSIT INTERLEVEL DIELECTRIC|DENSIFY OXIDE|MEASURE DIELECTRIC THICKNESS|CMP DIELECTRIC|MEASURE SURFACE PLANARITY|SPIN COAT PHOTORESIST|SOFT BAKE|ALIGN MASK LEVEL 3|EXPOSE LITHO LEVEL 3|POST EXPOSE BAKE|DEVELOP PHOTORESIST|VIA INSPECTION|HARD BAKE|VIA ETCH THROUGH DIELECTRIC|STRIP RESIST|CLEAN AFTER VIA ETCH|DEPOSIT BARRIER METAL|DEPOSIT METAL SEED|FILL VIA METAL|CMP VIA FILL|MEASURE VIA RESISTANCE|DEPOSIT TOP METAL|ANNEAL METAL 1|MEASURE METAL THICKNESS|SPIN COAT PHOTORESIST|SOFT BAKE|ALIGN MASK LEVEL 4|EXPOSE LITHO LEVEL 4|POST EXPOSE BAKE|DEVELOP PHOTORESIST|METAL PATTERN INSPECTION|HARD BAKE|METAL ETCH|STRIP RESIST|CLEAN AFTER METAL ETCH|MEASURE LINE WIDTH|DEPOSIT PASSIVATION|CURE PASSIVATION|MEASURE PASSIVATION THICKNESS|OPEN BOND PAD WINDOW|PAD WINDOW LITHO|DEVELOP PHOTORESIST|PASSIVATION ETCH PAD OPENING,STRIP RESIST
ns_mosfet_4_0.6,mosfet,0.6,RECEIVE WAFER LOT|LOT IDENTIFICATION|PRE CLEAN INSPECTION|MEASURE THICKNESS|MEASURE SURFACE PARTICLES|PRE CLEAN WAFER|BACKSIDE CLEAN|WET CLEAN RCA1|WET CLEAN RCA2|HF DIP|DRY WAFER|SUBSTRATE CHECK|EPITAXY PREP|EPITAXIAL DEPOSITION|MEASURE EPITAXY THICKNESS|MEASURE RESISTIVITY|EPITAXY ANNEAL|WAFER SURFACE CLEAN|THERMAL OXIDATION|MEASURE OXIDE THICKNESS|SPIN COAT PHOTORESIST|SOFT BAKE|ALIGN MASK LEVEL 1|EXPOSE LITHO LEVEL 1|DEVELOP PHOTORESIST|PATTERN INSPECTION LEVEL 1|OXIDE ETCH|STRIP PHOTORESIST|CLEAN AFTER ETCH|MEASURE OPENING CD|IMPLANT WELL|PRE ANNEAL CHECK|DRIVE IN DIFFUSION|RAPID THERMAL ANNEAL|MEASURE JUNCTION DEPTH|THERMAL OXIDATION|GATE OXIDE PREP|GATE OXIDE GROWTH|MEASURE GATE OXIDE THICKNESS|DEPOSIT POLYSILICON|POLYSILICON ANNEAL|MEASURE POLY THICKNESS|SPIN COAT PHOTORESIST|SOFT BAKE|ALIGN MASK LEVEL 2|EXPOSE LITHO LEVEL 2|DEVELOP PHOTORESIST|POLY PATTERN INSPECTION|POLYSILICON ETCH|STRIP RESIST|CLEAN AFTER POLY ETCH|IMPLANT SOURCE DRAIN|PRE ANNEAL CHECK|LIGHT ANNEAL|DEPOSIT SPACER DIELECTRIC|ANISOTROPIC ETCH SPACER|MEASURE SPACER WIDTH|IMPLANT LDD|RAPID THERMAL ANNEAL|DEPOSIT INTERLEVEL DIELECTRIC|DENSIFY DIELECTRIC|MEASURE DIELECTRIC THICKNESS|CMP DIELECTRIC|MEASURE PLANARITY|SPIN COAT PHOTORESIST|SOFT BAKE|ALIGN MASK LEVEL 3|EXPOSE LITHO LEVEL 3|POST EXPOSE BAKE|DEVELOP PHOTORESIST|VIA OPENING INSPECTION|HARD BAKE|DIELECTRIC ETCH VIA|STRIP PHOTORESIST|CLEAN AFTER VIA ETCH|MEASURE VIA CD,DEPOSIT BARRIER METAL
ns_mosfet_4_0.8,mosfet,0.8,RECEIVE WAFER LOT|LOT IDENTIFICATION|PRE CLEAN INSPECTION|MEASURE THICKNESS|MEASURE SURFACE PARTICLES|PRE CLEAN WAFER|BACKSIDE CLEAN|WET CLEAN RCA1|WET CLEAN RCA2|HF DIP|DRY WAFER|SUBSTRATE CHECK|EPITAXY PREP|EPITAXIAL DEPOSITION|MEASURE EPITAXY THICKNESS|MEASURE RESISTIVITY|EPITAXY ANNEAL|WAFER SURFACE CLEAN|THERMAL OXIDATION|MEASURE OXIDE THICKNESS|SPIN COAT PHOTORESIST|SOFT BAKE|ALIGN MASK LEVEL 1|EXPOSE LITHO LEVEL 1|DEVELOP PHOTORESIST|PATTERN INSPECTION LEVEL 1|OXIDE ETCH|STRIP PHOTORESIST|CLEAN AFTER ETCH|MEASURE OPENING CD|IMPLANT WELL|PRE ANNEAL CHECK|DRIVE IN DIFFUSION|RAPID THERMAL ANNEAL|MEASURE JUNCTION DEPTH|THERMAL OXIDATION|GATE OXIDE PREP|GATE OXIDE GROWTH|MEASURE GATE OXIDE THICKNESS|DEPOSIT POLYSILICON|POLYSILICON ANNEAL|MEASURE POLY THICKNESS|SPIN COAT PHOTORESIST|SOFT BAKE|ALIGN MASK LEVEL 2|EXPOSE LITHO LEVEL 2|DEVELOP PHOTORESIST|POLY PATTERN INSPECTION|POLYSILICON ETCH|STRIP RESIST|CLEAN AFTER POLY ETCH|IMPLANT SOURCE DRAIN|PRE ANNEAL CHECK|LIGHT ANNEAL|DEPOSIT SPACER DIELECTRIC|ANISOTROPIC ETCH SPACER|MEASURE SPACER WIDTH|IMPLANT LDD|RAPID THERMAL ANNEAL|DEPOSIT INTERLEVEL DIELECTRIC|DENSIFY DIELECTRIC|MEASURE DIELECTRIC THICKNESS|CMP DIELECTRIC|MEASURE PLANARITY|SPIN COAT PHOTORESIST|SOFT BAKE|ALIGN MASK LEVEL 3|EXPOSE LITHO LEVEL 3|POST EXPOSE BAKE|DEVELOP PHOTORESIST|VIA OPENING INSPECTION|HARD BAKE|DIELECTRIC ETCH VIA|STRIP PHOTORESIST|CLEAN AFTER VIA ETCH|MEASURE VIA CD|DEPOSIT BARRIER METAL|DEPOSIT METAL SEED|FILL VIA METAL|CMP METAL|MEASURE VIA RESISTANCE|DEPOSIT TOP METAL|ANNEAL METAL|MEASURE METAL THICKNESS|SPIN COAT PHOTORESIST|SOFT BAKE|ALIGN MASK LEVEL 4|EXPOSE LITHO LEVEL 4|DEVELOP PHOTORESIST|METAL PATTERN INSPECTION|HARD BAKE|METAL ETCH|STRIP PHOTORESIST|CLEAN AFTER METAL ETCH|DEPOSIT PASSIVATION|CURE PASSIVATION|MEASURE PASSIVATION THICKNESS|OPEN BOND PAD WINDOW|PAD WINDOW LITHO|DEVELOP PAD WINDOW|PASSIVATION ETCH PAD OPENING,STRIP PHOTORESIST
ns_mosfet_5_0.6,mosfet,0.6,RECEIVE WAFER LOT|LOT IDENTIFICATION|INITIAL WAFER INSPECTION|MEASURE THICKNESS|MEASURE SURFACE PARTICLES|PRE CLEAN WAFER|BACKSIDE CLEAN|RCA CLEAN 1|RCA CLEAN 2|HF DIP|DRY WAFER|SUBSTRATE CHECK|EPITAXY PREP|EPITAXIAL DEPOSITION|MEASURE EPITAXY THICKNESS|MEASURE RESISTIVITY|EPITAXY ANNEAL|WAFER SURFACE CLEAN|THERMAL OXIDATION|MEASURE OXIDE THICKNESS|SPIN COAT PHOTORESIST|SOFT BAKE|ALIGN MASK LEVEL 1|EXPOSE LITHO LEVEL 1|DEVELOP PHOTORESIST|PATTERN INSPECTION LEVEL 1|OXIDE ETCH|STRIP PHOTORESIST|CLEAN AFTER ETCH|IMPLANT WELL|DRIVE IN DIFFUSION|RAPID THERMAL ANNEAL|MEASURE JUNCTION DEPTH|THERMAL OXIDATION|GATE OXIDE PREP|GATE OXIDE GROWTH|MEASURE GATE OXIDE THICKNESS|DEPOSIT POLYSILICON|POLYSILICON ANNEAL|SPIN COAT PHOTORESIST|SOFT BAKE|ALIGN MASK LEVEL 2|EXPOSE LITHO LEVEL 2|POST EXPOSE BAKE|DEVELOP PHOTORESIST|POLY PATTERN INSPECTION|POLYSILICON ETCH|STRIP RESIST|CLEAN AFTER POLY ETCH|MEASURE GATE CD|IMPLANT SOURCE DRAIN|LIGHT ANNEAL|DEPOSIT SPACER DIELECTRIC|ANISOTROPIC ETCH SPACER|IMPLANT LDD|PRE ANNEAL CHECK|RAPID THERMAL ANNEAL|DEPOSIT INTERLEVEL DIELECTRIC|DENSIFY DIELECTRIC|MEASURE FILM THICKNESS|CMP INTERLAYER DIELECTRIC|MEASURE PLANARITY|SPIN COAT PHOTORESIST|SOFT BAKE|ALIGN MASK LEVEL 3|EXPOSE LITHO LEVEL 3|POST EXPOSE BAKE|DEVELOP PHOTORESIST|VIA OPENING INSPECTION|VIA ETCH THROUGH DIELECTRIC|STRIP RESIST|CLEAN AFTER VIA ETCH|MEASURE VIA CD|DEPOSIT BARRIER METAL,DEPOSIT METAL SEED
ns_mosfet_5_0.8,mosfet,0.8,RECEIVE WAFER LOT|LOT IDENTIFICATION|INITIAL WAFER INSPECTION|MEASURE THICKNESS|MEASURE SURFACE PARTICLES|PRE CLEAN WAFER|BACKSIDE CLEAN|RCA CLEAN 1|RCA CLEAN 2|HF DIP|DRY WAFER|SUBSTRATE CHECK|EPITAXY PREP|EPITAXIAL DEPOSITION|MEASURE EPITAXY THICKNESS|MEASURE RESISTIVITY|EPITAXY ANNEAL|WAFER SURFACE CLEAN|THERMAL OXIDATION|MEASURE OXIDE THICKNESS|SPIN COAT PHOTORESIST|SOFT BAKE|ALIGN MASK LEVEL 1|EXPOSE LITHO LEVEL 1|DEVELOP PHOTORESIST|PATTERN INSPECTION LEVEL 1|OXIDE ETCH|STRIP PHOTORESIST|CLEAN AFTER ETCH|IMPLANT WELL|DRIVE IN DIFFUSION|RAPID THERMAL ANNEAL|MEASURE JUNCTION DEPTH|THERMAL OXIDATION|GATE OXIDE PREP|GATE OXIDE GROWTH|MEASURE GATE OXIDE THICKNESS|DEPOSIT POLYSILICON|POLYSILICON ANNEAL|SPIN COAT PHOTORESIST|SOFT BAKE|ALIGN MASK LEVEL 2|EXPOSE LITHO LEVEL 2|POST EXPOSE BAKE|DEVELOP PHOTORESIST|POLY PATTERN INSPECTION|POLYSILICON ETCH|STRIP RESIST|CLEAN AFTER POLY ETCH|MEASURE GATE CD|IMPLANT SOURCE DRAIN|LIGHT ANNEAL|DEPOSIT SPACER DIELECTRIC|ANISOTROPIC ETCH SPACER|IMPLANT LDD|PRE ANNEAL CHECK|RAPID THERMAL ANNEAL|DEPOSIT INTERLEVEL DIELECTRIC|DENSIFY DIELECTRIC|MEASURE FILM THICKNESS|CMP INTERLAYER DIELECTRIC|MEASURE PLANARITY|SPIN COAT PHOTORESIST|SOFT BAKE|ALIGN MASK LEVEL 3|EXPOSE LITHO LEVEL 3|POST EXPOSE BAKE|DEVELOP PHOTORESIST|VIA OPENING INSPECTION|VIA ETCH THROUGH DIELECTRIC|STRIP RESIST|CLEAN AFTER VIA ETCH|MEASURE VIA CD|DEPOSIT BARRIER METAL|DEPOSIT METAL SEED|FILL VIA METAL|CMP METAL|MEASURE CONTACT RESISTANCE|DEPOSIT METAL 1|ANNEAL METAL|MEASURE METAL THICKNESS|SPIN COAT PHOTORESIST|SOFT BAKE|ALIGN MASK LEVEL 4|EXPOSE LITHO LEVEL 4|DEVELOP PHOTORESIST|METAL PATTERN INSPECTION|METAL ETCH|STRIP PHOTORESIST|CLEAN AFTER METAL ETCH|MEASURE LINE WIDTH|DEPOSIT PASSIVATION LAYER|CURE PASSIVATION|MEASURE PASSIVATION QUALITY|OPEN PAD WINDOW|PAD WINDOW LITHO|DEVELOP PAD WINDOW|PASSIVATION ETCH PAD OPENING,STRIP PHOTORESIST
ns_mosfet_6_0.6,mosfet,0.6,RECEIVE WAFER LOT|LOT IDENTIFICATION|PRE CLEAN INSPECTION|MEASURE SURFACE PARTICLES|PRE CLEAN WAFER|WET CLEAN RCA1|WET CLEAN RCA2|HF DIP|SUBSTRATE CHECK|EPITAXY PREP|EPITAXIAL DEPOSITION|MEASURE EPITAXY THICKNESS|MEASURE RESISTIVITY|EPITAXY ANNEAL|WAFER SURFACE CLEAN|THERMAL OXIDATION|MEASURE OXIDE THICKNESS|SPIN COAT PHOTORESIST|SOFT BAKE|ALIGN MASK LEVEL 1|EXPOSE LITHO LEVEL 1|POST EXPOSE BAKE|DEVELOP PHOTORESIST|PATTERN INSPECTION LEVEL 1|OXIDE ETCH|STRIP RESIST|CLEAN AFTER ETCH|MEASURE OPENING CD|IMPLANT WELL|DRIVE IN DIFFUSION|RAPID THERMAL ANNEAL|MEASURE JUNCTION DEPTH|THERMAL OXIDATION|GATE OXIDE PREP|GATE OXIDE GROWTH|MEASURE GATE OXIDE THICKNESS|DEPOSIT POLYSILICON|POLYSILICON ANNEAL|MEASURE POLY THICKNESS|SPIN COAT PHOTORESIST|SOFT BAKE|ALIGN MASK LEVEL 2|EXPOSE LITHO LEVEL 2|POST EXPOSE BAKE|DEVELOP PHOTORESIST|POLY PATTERN INSPECTION|POLYSILICON ETCH|STRIP PHOTORESIST|CLEAN AFTER POLY ETCH|MEASURE GATE CD|IMPLANT SOURCE DRAIN|PRE ANNEAL CHECK|LIGHT ANNEAL|MEASURE SHEET RESISTANCE|DEPOSIT SPACER DIELECTRIC|ANISOTROPIC ETCH SPACER|MEASURE SPACER WIDTH|IMPLANT LDD|PRE ANNEAL CHECK|RAPID THERMAL ANNEAL|MEASURE JUNCTION PROFILE|DEPOSIT INTERLEVEL DIELECTRIC|DENSIFY DIELECTRIC|MEASURE DIELECTRIC THICKNESS|CMP INTERLAYER DIELECTRIC|MEASURE SURFACE PLANARITY|SPIN COAT PHOTORESIST|SOFT BAKE|ALIGN MASK LEVEL 3|EXPOSE LITHO LEVEL 3|DEVELOP PHOTORESIST|VIA OPENING INSPECTION|HARD BAKE|VIA ETCH THROUGH DIELECTRIC|STRIP PHOTORESIST|CLEAN AFTER VIA ETCH,MEASURE VIA CD
ns_mosfet_6_0.8,mosfet,0.8,RECEIVE WAFER LOT|LOT IDENTIFICATION|PRE CLEAN INSPECTION|MEASURE SURFACE PARTICLES|PRE CLEAN WAFER|WET CLEAN RCA1|WET CLEAN RCA2|HF DIP|SUBSTRATE CHECK|EPITAXY PREP|EPITAXIAL DEPOSITION|MEASURE EPITAXY THICKNESS|MEASURE RESISTIVITY|EPITAXY ANNEAL|WAFER SURFACE CLEAN|THERMAL OXIDATION|MEASURE OXIDE THICKNESS|SPIN COAT PHOTORESIST|SOFT BAKE|ALIGN MASK LEVEL 1|EXPOSE LITHO LEVEL 1|POST EXPOSE BAKE|DEVELOP PHOTORESIST|PATTERN INSPECTION LEVEL 1|OXIDE ETCH|STRIP RESIST|CLEAN AFTER ETCH|MEASURE OPENING CD|IMPLANT WELL|DRIVE IN DIFFUSION|RAPID THERMAL ANNEAL|MEASURE JUNCTION DEPTH|THERMAL OXIDATION|GATE OXIDE PREP|GATE OXIDE GROWTH|MEASURE GATE OXIDE THICKNESS|DEPOSIT POLYSILICON|POLYSILICON ANNEAL|MEASURE POLY THICKNESS|SPIN COAT PHOTORESIST|SOFT BAKE|ALIGN MASK LEVEL 2|EXPOSE LITHO LEVEL 2|POST EXPOSE BAKE|DEVELOP PHOTORESIST|POLY PATTERN INSPECTION|POLYSILICON ETCH|STRIP PHOTORESIST|CLEAN AFTER POLY ETCH|MEASURE GATE CD|IMPLANT SOURCE DRAIN|PRE ANNEAL CHECK|LIGHT ANNEAL|MEASURE SHEET RESISTANCE|DEPOSIT SPACER DIELECTRIC|ANISOTROPIC ETCH SPACER|MEASURE SPACER WIDTH|IMPLANT LDD|PRE ANNEAL CHECK|RAPID THERMAL ANNEAL|MEASURE JUNCTION PROFILE|DEPOSIT INTERLEVEL DIELECTRIC|DENSIFY DIELECTRIC|MEASURE DIELECTRIC THICKNESS|CMP INTERLAYER DIELECTRIC|MEASURE SURFACE PLANARITY|SPIN COAT PHOTORESIST|SOFT BAKE|ALIGN MASK LEVEL 3|EXPOSE LITHO LEVEL 3|DEVELOP PHOTORESIST|VIA OPENING INSPECTION|HARD BAKE|VIA ETCH THROUGH DIELECTRIC|STRIP PHOTORESIST|CLEAN AFTER VIA ETCH|MEASURE VIA CD|DEPOSIT BARRIER METAL|DEPOSIT METAL SEED|FILL VIA METAL|CMP VIA FILL|MEASURE VIA RESISTANCE|DEPOSIT METAL 1|ANNEAL METAL|MEASURE METAL THICKNESS|SPIN COAT PHOTORESIST|SOFT BAKE|ALIGN MASK LEVEL 4|EXPOSE LITHO LEVEL 4|POST EXPOSE BAKE|DEVELOP PHOTORESIST|METAL PATTERN INSPECTION|HARD BAKE|METAL ETCH|STRIP RESIST|CLEAN AFTER METAL ETCH|DEPOSIT PASSIVATION|CURE PASSIVATION|MEASURE PASSIVATION QUALITY|OPEN BOND PAD WINDOW|PAD WINDOW LITHO|DEVELOP PAD WINDOW,PASSIVATION ETCH
ns_mosfet_7_0.6,mosfet,0.6,RECEIVE WAFER LOT|LOT IDENTIFICATION|INITIAL WAFER INSPECTION|MEASURE THICKNESS|PRE CLEAN WAFER|FRONTSIDE CLEAN|WET CLEAN RCA1|RCA CLEAN 2|HF DIP|SUBSTRATE CHECK|EPITAXY PREP|EPITAXIAL DEPOSITION|MEASURE EPITAXY THICKNESS|MEASURE RESISTIVITY|EPITAXY ANNEAL|WAFER SURFACE CLEAN|THERMAL OXIDATION|MEASURE OXIDE THICKNESS|SPIN COAT PHOTORESIST|SOFT BAKE|ALIGN MASK LEVEL 1|EXPOSE LITHO LEVEL 1|DEVELOP PHOTORESIST|PATTERN INSPECTION LEVEL 1|OXIDE ETCH|STRIP RESIST|CLEAN AFTER ETCH|IMPLANT WELL|PRE ANNEAL CHECK|DRIVE IN DIFFUSION|RAPID THERMAL ANNEAL|MEASURE JUNCTION DEPTH|THERMAL OXIDATION|GATE OXIDE PREP|GATE OXIDE GROWTH|MEASURE GATE OXIDE THICKNESS|DEPOSIT POLYSILICON|POLYSILICON ANNEAL|MEASURE POLY THICKNESS|SPIN COAT PHOTORESIST|SOFT BAKE|ALIGN MASK LEVEL 2|EXPOSE LITHO LEVEL 2|DEVELOP PHOTORESIST|POLY PATTERN INSPECTION|POLYSILICON ETCH|STRIP PHOTORESIST|CLEAN AFTER POLY ETCH|IMPLANT SOURCE DRAIN|PRE ANNEAL CHECK|LIGHT ANNEAL|MEASURE SHEET RESISTANCE|DEPOSIT SPACER DIELECTRIC|ANISOTROPIC ETCH SPACER|MEASURE SPACER WIDTH|IMPLANT LDD|RAPID THERMAL ANNEAL|MEASURE JUNCTION PROFILE|DEPOSIT INTERLEVEL DIELECTRIC|DENSIFY DIELECTRIC|MEASURE DIELECTRIC THICKNESS|CMP INTERLAYER DIELECTRIC|MEASURE PLANARITY|SPIN COAT PHOTORESIST|SOFT BAKE|ALIGN MASK LEVEL 3|EXPOSE LITHO LEVEL 3|POST EXPOSE BAKE|DEVELOP PHOTORESIST|VIA OPENING INSPECTION|DIELECTRIC ETCH VIA|STRIP PHOTORESIST|CLEAN AFTER VIA ETCH|MEASURE VIA CD,DEPOSIT BARRIER METAL
ns_mosfet_7_0.8,mosfet,0.8,RECEIVE WAFER LOT|LOT IDENTIFICATION|INITIAL WAFER INSPECTION|MEASURE THICKNESS|PRE CLEAN WAFER|FRONTSIDE CLEAN|WET CLEAN RCA1|RCA CLEAN 2|HF DIP|SUBSTRATE CHECK|EPITAXY PREP|EPITAXIAL DEPOSITION|MEASURE EPITAXY THICKNESS|MEASURE RESISTIVITY|EPITAXY ANNEAL|WAFER SURFACE CLEAN|THERMAL OXIDATION|MEASURE OXIDE THICKNESS|SPIN COAT PHOTORESIST|SOFT BAKE|ALIGN MASK LEVEL 1|EXPOSE LITHO LEVEL 1|DEVELOP PHOTORESIST|PATTERN INSPECTION LEVEL 1|OXIDE ETCH|STRIP RESIST|CLEAN AFTER ETCH|IMPLANT WELL|PRE ANNEAL CHECK|DRIVE IN DIFFUSION|RAPID THERMAL ANNEAL|MEASURE JUNCTION DEPTH|THERMAL OXIDATION|GATE OXIDE PREP|GATE OXIDE GROWTH|MEASURE GATE OXIDE THICKNESS|DEPOSIT POLYSILICON|POLYSILICON ANNEAL|MEASURE POLY THICKNESS|SPIN COAT PHOTORESIST|SOFT BAKE|ALIGN MASK LEVEL 2|EXPOSE LITHO LEVEL 2|DEVELOP PHOTORESIST|POLY PATTERN INSPECTION|POLYSILICON ETCH|STRIP PHOTORESIST|CLEAN AFTER POLY ETCH|IMPLANT SOURCE DRAIN|PRE ANNEAL CHECK|LIGHT ANNEAL|MEASURE SHEET RESISTANCE|DEPOSIT SPACER DIELECTRIC|ANISOTROPIC ETCH SPACER|MEASURE SPACER WIDTH|IMPLANT LDD|RAPID THERMAL ANNEAL|MEASURE JUNCTION PROFILE|DEPOSIT INTERLEVEL DIELECTRIC|DENSIFY DIELECTRIC|MEASURE DIELECTRIC THICKNESS|CMP INTERLAYER DIELECTRIC|MEASURE PLANARITY|SPIN COAT PHOTORESIST|SOFT BAKE|ALIGN MASK LEVEL 3|EXPOSE LITHO LEVEL 3|POST EXPOSE BAKE|DEVELOP PHOTORESIST|VIA OPENING INSPECTION|DIELECTRIC ETCH VIA|STRIP PHOTORESIST|CLEAN AFTER VIA ETCH|MEASURE VIA CD|DEPOSIT BARRIER METAL|DEPOSIT METAL SEED|FILL VIA METAL|CMP METAL|MEASURE VIA RESISTANCE|DEPOSIT METAL 1|ANNEAL METAL 1|MEASURE METAL THICKNESS|SPIN COAT PHOTORESIST|SOFT BAKE|ALIGN MASK LEVEL 4|EXPOSE LITHO LEVEL 4|DEVELOP PHOTORESIST|METAL PATTERN INSPECTION|METAL ETCH|STRIP RESIST|CLEAN AFTER METAL ETCH|MEASURE LINE WIDTH|DEPOSIT PASSIVATION LAYER|CURE PASSIVATION|MEASURE PASSIVATION QUALITY|OPEN PAD WINDOW|OPEN PAD WINDOW LITHO|DEVELOP PAD WINDOW,PASSIVATION ETCH PAD OPENING
