EXAMPLE_ID,PREDICTED_SEQUENCE
cp_mosfet_0_0.6,DEPOSIT BARRIER METAL|DEPOSIT METAL SEED|FILL VIA METAL|CMP METAL|MEASURE CONTACT RESISTANCE|DEPOSIT TOP METAL|ANNEAL METAL 1|SPIN COAT PHOTORESIST|SOFT BAKE|ALIGN MASK LEVEL 4|EXPOSE LITHO LEVEL 4|DEVELOP PHOTORESIST|METAL PATTERN INSPECTION|HARD BAKE|METAL ETCH DRY|STRIP PHOTORESIST|CLEAN AFTER METAL ETCH|MEASURE LINE WIDTH|DEPOSIT PASSIVATION|CURE PASSIVATION|MEASURE PASSIVATION QUALITY|OPEN PAD WINDOW|PAD WINDOW LITHO|DEVELOP PAD WINDOW|PASSIVATION ETCH PAD OPENING|STRIP RESIST|CLEAN PAD OPENING|MEASURE PAD OPENING|BACKSIDE GRIND|MEASURE WAFER THICKNESS|BACKSIDE ETCH CLEAN|BACKSIDE RINSE|BACKSIDE DRY|BACKSIDE METALLIZATION PREP|DEPOSIT BACKSIDE METAL|BACKSIDE ANNEAL|MEASURE BACKSIDE CONTACT|FINAL CLEAN|FINAL THICKNESS MEASURE|FINAL GEOMETRY CHECK|FINAL CD INSPECTION|FINAL PARTICLE INSPECTION|FINAL ELECTRICAL TEST PREP|PARAMETRIC TEST|LEAKAGE TEST|THRESHOLD VOLTAGE TEST|SWITCHING TEST|WAFER SORT TEST|YIELD ANALYSIS|WAFER SORT TEST|YIELD ANALYSIS|WAFER SORT TEST|YIELD ANALYSIS|WAFER SORT TEST|YIELD ANALYSIS|WAFER SORT TEST|YIELD ANALYSIS|WAFER SORT TEST|YIELD ANALYSIS|WAFER SORT TEST|YIELD ANALYSIS|WAFER SORT TEST|YIELD ANALYSIS|WAFER SORT TEST|YIELD ANALYSIS|WAFER SORT TEST|YIELD ANALYSIS|WAFER SORT TEST|YIELD ANALYSIS|WAFER SORT TEST|YIELD ANALYSIS|WAFER SORT TEST|YIELD ANALYSIS|WAFER SORT TEST|YIELD ANALYSIS|WAFER SORT TEST|YIELD ANALYSIS|WAFER SORT TEST|YIELD ANALYSIS|WAFER SORT TEST|YIELD ANALYSIS|WAFER SORT TEST|YIELD ANALYSIS|WAFER SORT TEST|YIELD ANALYSIS|WAFER SORT TEST|YIELD ANALYSIS|WAFER SORT TEST|YIELD ANALYSIS|WAFER SORT TEST|YIELD ANALYSIS|WAFER SORT TEST|YIELD ANALYSIS|WAFER SORT TEST|YIELD ANALYSIS|WAFER SORT TEST|YIELD ANALYSIS|WAFER SORT TEST|YIELD ANALYSIS|WAFER SORT TEST|YIELD ANALYSIS|WAFER SORT TEST|YIELD ANALYSIS|WAFER SORT TEST|YIELD ANALYSIS|WAFER SORT TEST|YIELD ANALYSIS|WAFER SORT TEST|YIELD ANALYSIS|WAFER SORT TEST|YIELD ANALYSIS|WAFER SORT TEST|YIELD ANALYSIS|WAFER SORT TEST|YIELD ANALYSIS|WAFER SORT TEST|YIELD ANALYSIS|WAFER SORT TEST|YIELD ANALYSIS|WAFER SORT TEST|YIELD ANALYSIS|WAFER SORT TEST|YIELD ANALYSIS|WAFER SORT TEST|YIELD ANALYSIS|WAFER SORT TEST|YIELD ANALYSIS|WAFER SORT TEST|YIELD ANALYSIS|WAFER SORT TEST|YIELD ANALYSIS|WAFER SORT TEST|YIELD ANALYSIS|WAFER SORT TEST|YIELD ANALYSIS|WAFER SORT TEST|YIELD ANALYSIS|WAFER SORT TEST|YIELD ANALYSIS|WAFER SORT TEST|YIELD ANALYSIS|WAFER SORT TEST|YIELD ANALYSIS|WAFER SORT TEST|YIELD ANALYSIS
cp_mosfet_0_0.8,STRIP PHOTORESIST|CLEAN PAD OPENING|MEASURE PAD OPENING|BACKSIDE GRIND|MEASURE WAFER THICKNESS|BACKSIDE ETCH CLEAN|BACKSIDE RINSE|BACKSIDE DRY|BACKSIDE METALLIZATION PREP|DEPOSIT BACKSIDE METAL|BACKSIDE ANNEAL|MEASURE BACKSIDE CONTACT|FINAL CLEAN|FINAL THICKNESS MEASURE|FINAL GEOMETRY CHECK|FINAL CD INSPECTION|FINAL PARTICLE INSPECTION|FINAL ELECTRICAL TEST PREP|PARAMETRIC TEST|LEAKAGE TEST|THRESHOLD VOLTAGE TEST|SWITCHING TEST|WAFER SORT TEST|YIELD ANALYSIS|WAFER SORT TEST|YIELD ANALYSIS|WAFER SORT TEST|YIELD ANALYSIS|WAFER SORT TEST|YIELD ANALYSIS|WAFER SORT TEST|YIELD ANALYSIS|WAFER SORT TEST|YIELD ANALYSIS|WAFER SORT TEST|YIELD ANALYSIS|WAFER SORT TEST|YIELD ANALYSIS|WAFER SORT TEST|YIELD ANALYSIS|WAFER SORT TEST|YIELD ANALYSIS|WAFER SORT TEST|YIELD ANALYSIS|WAFER SORT TEST|YIELD ANALYSIS|WAFER SORT TEST|YIELD ANALYSIS|WAFER SORT TEST|YIELD ANALYSIS|WAFER SORT TEST|YIELD ANALYSIS|WAFER SORT TEST|YIELD ANALYSIS|WAFER SORT TEST|YIELD ANALYSIS|WAFER SORT TEST|YIELD ANALYSIS|WAFER SORT TEST|YIELD ANALYSIS|WAFER SORT TEST|YIELD ANALYSIS|WAFER SORT TEST|YIELD ANALYSIS|WAFER SORT TEST|YIELD ANALYSIS|WAFER SORT TEST|YIELD ANALYSIS|WAFER SORT TEST|YIELD ANALYSIS|WAFER SORT TEST|YIELD ANALYSIS|WAFER SORT TEST|YIELD ANALYSIS|WAFER SORT TEST|YIELD ANALYSIS|WAFER SORT TEST|YIELD ANALYSIS|WAFER SORT TEST|YIELD ANALYSIS|WAFER SORT TEST|YIELD ANALYSIS|WAFER SORT TEST|YIELD ANALYSIS|WAFER SORT TEST|YIELD ANALYSIS|WAFER SORT TEST|YIELD ANALYSIS|WAFER SORT TEST|YIELD ANALYSIS|WAFER SORT TEST|YIELD ANALYSIS|WAFER SORT TEST|YIELD ANALYSIS|WAFER SORT TEST|YIELD ANALYSIS|WAFER SORT TEST|YIELD ANALYSIS|WAFER SORT TEST|YIELD ANALYSIS|WAFER SORT TEST|YIELD ANALYSIS|WAFER SORT TEST|YIELD ANALYSIS|WAFER SORT TEST|YIELD ANALYSIS|WAFER SORT TEST|YIELD ANALYSIS|WAFER SORT TEST|YIELD ANALYSIS|WAFER SORT TEST|YIELD ANALYSIS|WAFER SORT TEST|YIELD ANALYSIS|WAFER SORT TEST|YIELD ANALYSIS|WAFER SORT TEST|YIELD ANALYSIS|WAFER SORT TEST|YIELD ANALYSIS
cp_mosfet_1_0.6,CLEAN AFTER VIA ETCH|MEASURE VIA CD|DEPOSIT BARRIER METAL|DEPOSIT METAL SEED|FILL VIA METAL|CMP METAL|MEASURE CONTACT RESISTANCE|DEPOSIT TOP METAL|ANNEAL METAL 1|SPIN COAT PHOTORESIST|SOFT BAKE|ALIGN MASK LEVEL 4|EXPOSE LITHO LEVEL 4|DEVELOP PHOTORESIST|METAL PATTERN INSPECTION|HARD BAKE|METAL ETCH DRY|STRIP PHOTORESIST|CLEAN AFTER METAL ETCH|MEASURE LINE WIDTH|DEPOSIT PASSIVATION|CURE PASSIVATION|MEASURE PASSIVATION QUALITY|OPEN PAD WINDOW|PAD WINDOW LITHO|DEVELOP PAD WINDOW|PASSIVATION ETCH PAD OPENING|STRIP RESIST|CLEAN PAD OPENING|MEASURE PAD OPENING|BACKSIDE GRIND|MEASURE WAFER THICKNESS|BACKSIDE ETCH CLEAN|BACKSIDE RINSE|BACKSIDE DRY|BACKSIDE METALLIZATION PREP|DEPOSIT BACKSIDE METAL|BACKSIDE ANNEAL|MEASURE BACKSIDE CONTACT|FINAL CLEAN|FINAL THICKNESS MEASURE|FINAL GEOMETRY CHECK|FINAL CD INSPECTION|FINAL PARTICLE INSPECTION|FINAL ELECTRICAL TEST PREP|PARAMETRIC TEST|LEAKAGE TEST|THRESHOLD VOLTAGE TEST|SWITCHING TEST|WAFER SORT TEST|YIELD ANALYSIS|WAFER SORT TEST|YIELD ANALYSIS|WAFER SORT TEST|YIELD ANALYSIS|WAFER SORT TEST|YIELD ANALYSIS|WAFER SORT TEST|YIELD ANALYSIS|WAFER SORT TEST|YIELD ANALYSIS|WAFER SORT TEST|YIELD ANALYSIS|WAFER SORT TEST|YIELD ANALYSIS|WAFER SORT TEST|YIELD ANALYSIS|WAFER SORT TEST|YIELD ANALYSIS|WAFER SORT TEST|YIELD ANALYSIS|WAFER SORT TEST|YIELD ANALYSIS|WAFER SORT TEST|YIELD ANALYSIS|WAFER SORT TEST|YIELD ANALYSIS|WAFER SORT TEST|YIELD ANALYSIS|WAFER SORT TEST|YIELD ANALYSIS|WAFER SORT TEST|YIELD ANALYSIS|WAFER SORT TEST|YIELD ANALYSIS|WAFER SORT TEST|YIELD ANALYSIS|WAFER SORT TEST|YIELD ANALYSIS|WAFER SORT TEST|YIELD ANALYSIS|WAFER SORT TEST|YIELD ANALYSIS|WAFER SORT TEST|YIELD ANALYSIS|WAFER SORT TEST|YIELD ANALYSIS|WAFER SORT TEST|YIELD ANALYSIS|WAFER SORT TEST|YIELD ANALYSIS|WAFER SORT TEST|YIELD ANALYSIS|WAFER SORT TEST|YIELD ANALYSIS|WAFER SORT TEST|YIELD ANALYSIS|WAFER SORT TEST|YIELD ANALYSIS|WAFER SORT TEST|YIELD ANALYSIS|WAFER SORT TEST|YIELD ANALYSIS|WAFER SORT TEST|YIELD ANALYSIS|WAFER SORT TEST|YIELD ANALYSIS|WAFER SORT TEST|YIELD ANALYSIS|WAFER SORT TEST|YIELD ANALYSIS|WAFER SORT TEST|YIELD ANALYSIS|WAFER SORT TEST|YIELD ANALYSIS|WAFER SORT TEST|YIELD ANALYSIS|WAFER SORT TEST|YIELD ANALYSIS|WAFER SORT TEST|YIELD ANALYSIS|WAFER SORT TEST|YIELD ANALYSIS|WAFER SORT TEST|YIELD ANALYSIS|WAFER SORT TEST|YIELD ANALYSIS|WAFER SORT TEST|YIELD ANALYSIS|WAFER SORT TEST|YIELD ANALYSIS|WAFER SORT TEST|YIELD ANALYSIS|WAFER SORT TEST|YIELD ANALYSIS|WAFER SORT TEST
cp_mosfet_1_0.8,PASSIVATION ETCH|STRIP PHOTORESIST|CLEAN PAD OPENING|MEASURE PAD OPENING|BACKSIDE GRIND|MEASURE WAFER THICKNESS|BACKSIDE ETCH CLEAN|BACKSIDE RINSE|BACKSIDE DRY|BACKSIDE METALLIZATION PREP|DEPOSIT BACKSIDE METAL|BACKSIDE ANNEAL|MEASURE BACKSIDE CONTACT|FINAL CLEAN|FINAL THICKNESS MEASURE|FINAL GEOMETRY CHECK|FINAL CD INSPECTION|FINAL PARTICLE INSPECTION|FINAL ELECTRICAL TEST PREP|PARAMETRIC TEST|LEAKAGE TEST|THRESHOLD VOLTAGE TEST|SWITCHING TEST|WAFER SORT TEST|YIELD ANALYSIS|WAFER SORT TEST|YIELD ANALYSIS|WAFER SORT TEST|YIELD ANALYSIS|WAFER SORT TEST|YIELD ANALYSIS|WAFER SORT TEST|YIELD ANALYSIS|WAFER SORT TEST|YIELD ANALYSIS|WAFER SORT TEST|YIELD ANALYSIS|WAFER SORT TEST|YIELD ANALYSIS|WAFER SORT TEST|YIELD ANALYSIS|WAFER SORT TEST|YIELD ANALYSIS|WAFER SORT TEST|YIELD ANALYSIS|WAFER SORT TEST|YIELD ANALYSIS|WAFER SORT TEST|YIELD ANALYSIS|WAFER SORT TEST|YIELD ANALYSIS|WAFER SORT TEST|YIELD ANALYSIS|WAFER SORT TEST|YIELD ANALYSIS|WAFER SORT TEST|YIELD ANALYSIS|WAFER SORT TEST|YIELD ANALYSIS|WAFER SORT TEST|YIELD ANALYSIS|WAFER SORT TEST|YIELD ANALYSIS|WAFER SORT TEST|YIELD ANALYSIS|WAFER SORT TEST|YIELD ANALYSIS|WAFER SORT TEST|YIELD ANALYSIS|WAFER SORT TEST|YIELD ANALYSIS|WAFER SORT TEST|YIELD ANALYSIS|WAFER SORT TEST|YIELD ANALYSIS|WAFER SORT TEST|YIELD ANALYSIS|WAFER SORT TEST|YIELD ANALYSIS|WAFER SORT TEST|YIELD ANALYSIS|WAFER SORT TEST|YIELD ANALYSIS|WAFER SORT TEST|YIELD ANALYSIS|WAFER SORT TEST|YIELD ANALYSIS|WAFER SORT TEST|YIELD ANALYSIS|WAFER SORT TEST|YIELD ANALYSIS|WAFER SORT TEST|YIELD ANALYSIS|WAFER SORT TEST|YIELD ANALYSIS|WAFER SORT TEST|YIELD ANALYSIS|WAFER SORT TEST|YIELD ANALYSIS|WAFER SORT TEST|YIELD ANALYSIS|WAFER SORT TEST|YIELD ANALYSIS|WAFER SORT TEST|YIELD ANALYSIS|WAFER SORT TEST|YIELD ANALYSIS|WAFER SORT TEST|YIELD ANALYSIS|WAFER SORT TEST|YIELD ANALYSIS|WAFER SORT TEST|YIELD ANALYSIS|WAFER SORT TEST|YIELD ANALYSIS|WAFER SORT TEST|YIELD ANALYSIS|WAFER SORT TEST|YIELD ANALYSIS|WAFER SORT TEST|YIELD ANALYSIS
cp_mosfet_2_0.6,MEASURE VIA CD|DEPOSIT BARRIER METAL|DEPOSIT METAL SEED|FILL VIA METAL|CMP METAL|MEASURE CONTACT RESISTANCE|DEPOSIT TOP METAL|ANNEAL METAL 1|SPIN COAT PHOTORESIST|SOFT BAKE|ALIGN MASK LEVEL 4|EXPOSE LITHO LEVEL 4|DEVELOP PHOTORESIST|METAL PATTERN INSPECTION|HARD BAKE|METAL ETCH DRY|STRIP PHOTORESIST|CLEAN AFTER METAL ETCH|MEASURE LINE WIDTH|DEPOSIT PASSIVATION|CURE PASSIVATION|MEASURE PASSIVATION QUALITY|OPEN PAD WINDOW|PAD WINDOW LITHO|DEVELOP PAD WINDOW|PASSIVATION ETCH PAD OPENING|STRIP RESIST|CLEAN PAD OPENING|MEASURE PAD OPENING|BACKSIDE GRIND|MEASURE WAFER THICKNESS|BACKSIDE ETCH CLEAN|BACKSIDE RINSE|BACKSIDE DRY|BACKSIDE METALLIZATION PREP|DEPOSIT BACKSIDE METAL|BACKSIDE ANNEAL|MEASURE BACKSIDE CONTACT|FINAL CLEAN|FINAL THICKNESS MEASURE|FINAL GEOMETRY CHECK|FINAL CD INSPECTION|FINAL PARTICLE INSPECTION|FINAL ELECTRICAL TEST PREP|PARAMETRIC TEST|LEAKAGE TEST|THRESHOLD VOLTAGE TEST|SWITCHING TEST|WAFER SORT TEST|YIELD ANALYSIS|WAFER SORT TEST|YIELD ANALYSIS|WAFER SORT TEST|YIELD ANALYSIS|WAFER SORT TEST|YIELD ANALYSIS|WAFER SORT TEST|YIELD ANALYSIS|WAFER SORT TEST|YIELD ANALYSIS|WAFER SORT TEST|YIELD ANALYSIS|WAFER SORT TEST|YIELD ANALYSIS|WAFER SORT TEST|YIELD ANALYSIS|WAFER SORT TEST|YIELD ANALYSIS|WAFER SORT TEST|YIELD ANALYSIS|WAFER SORT TEST|YIELD ANALYSIS|WAFER SORT TEST|YIELD ANALYSIS|WAFER SORT TEST|YIELD ANALYSIS|WAFER SORT TEST|YIELD ANALYSIS|WAFER SORT TEST|YIELD ANALYSIS|WAFER SORT TEST|YIELD ANALYSIS|WAFER SORT TEST|YIELD ANALYSIS|WAFER SORT TEST|YIELD ANALYSIS|WAFER SORT TEST|YIELD ANALYSIS|WAFER SORT TEST|YIELD ANALYSIS|WAFER SORT TEST|YIELD ANALYSIS|WAFER SORT TEST|YIELD ANALYSIS|WAFER SORT TEST|YIELD ANALYSIS|WAFER SORT TEST|YIELD ANALYSIS|WAFER SORT TEST|YIELD ANALYSIS|WAFER SORT TEST|YIELD ANALYSIS|WAFER SORT TEST|YIELD ANALYSIS|WAFER SORT TEST|YIELD ANALYSIS|WAFER SORT TEST|YIELD ANALYSIS|WAFER SORT TEST|YIELD ANALYSIS|WAFER SORT TEST|YIELD ANALYSIS|WAFER SORT TEST|YIELD ANALYSIS|WAFER SORT TEST|YIELD ANALYSIS|WAFER SORT TEST|YIELD ANALYSIS|WAFER SORT TEST|YIELD ANALYSIS|WAFER SORT TEST|YIELD ANALYSIS|WAFER SORT TEST|YIELD ANALYSIS|WAFER SORT TEST|YIELD ANALYSIS|WAFER SORT TEST|YIELD ANALYSIS|WAFER SORT TEST|YIELD ANALYSIS|WAFER SORT TEST|YIELD ANALYSIS|WAFER SORT TEST|YIELD ANALYSIS|WAFER SORT TEST|YIELD ANALYSIS|WAFER SORT TEST|YIELD ANALYSIS|WAFER SORT TEST|YIELD ANALYSIS|WAFER SORT TEST|YIELD ANALYSIS|WAFER SORT TEST|YIELD ANALYSIS
cp_mosfet_2_0.8,STRIP PHOTORESIST|CLEAN PAD OPENING|MEASURE PAD OPENING|BACKSIDE GRIND|MEASURE WAFER THICKNESS|BACKSIDE ETCH CLEAN|BACKSIDE RINSE|BACKSIDE DRY|BACKSIDE METALLIZATION PREP|DEPOSIT BACKSIDE METAL|BACKSIDE ANNEAL|MEASURE BACKSIDE CONTACT|FINAL CLEAN|FINAL THICKNESS MEASURE|FINAL GEOMETRY CHECK|FINAL CD INSPECTION|FINAL PARTICLE INSPECTION|FINAL ELECTRICAL TEST PREP|PARAMETRIC TEST|LEAKAGE TEST|THRESHOLD VOLTAGE TEST|SWITCHING TEST|WAFER SORT TEST|YIELD ANALYSIS|WAFER SORT TEST|YIELD ANALYSIS|WAFER SORT TEST|YIELD ANALYSIS|WAFER SORT TEST|YIELD ANALYSIS|WAFER SORT TEST|YIELD ANALYSIS|WAFER SORT TEST|YIELD ANALYSIS|WAFER SORT TEST|YIELD ANALYSIS|WAFER SORT TEST|YIELD ANALYSIS|WAFER SORT TEST|YIELD ANALYSIS|WAFER SORT TEST|YIELD ANALYSIS|WAFER SORT TEST|YIELD ANALYSIS|WAFER SORT TEST|YIELD ANALYSIS|WAFER SORT TEST|YIELD ANALYSIS|WAFER SORT TEST|YIELD ANALYSIS|WAFER SORT TEST|YIELD ANALYSIS|WAFER SORT TEST|YIELD ANALYSIS|WAFER SORT TEST|YIELD ANALYSIS|WAFER SORT TEST|YIELD ANALYSIS|WAFER SORT TEST|YIELD ANALYSIS|WAFER SORT TEST|YIELD ANALYSIS|WAFER SORT TEST|YIELD ANALYSIS|WAFER SORT TEST|YIELD ANALYSIS|WAFER SORT TEST|YIELD ANALYSIS|WAFER SORT TEST|YIELD ANALYSIS|WAFER SORT TEST|YIELD ANALYSIS|WAFER SORT TEST|YIELD ANALYSIS|WAFER SORT TEST|YIELD ANALYSIS|WAFER SORT TEST|YIELD ANALYSIS|WAFER SORT TEST|YIELD ANALYSIS|WAFER SORT TEST|YIELD ANALYSIS|WAFER SORT TEST|YIELD ANALYSIS|WAFER SORT TEST|YIELD ANALYSIS|WAFER SORT TEST|YIELD ANALYSIS|WAFER SORT TEST|YIELD ANALYSIS|WAFER SORT TEST|YIELD ANALYSIS|WAFER SORT TEST|YIELD ANALYSIS|WAFER SORT TEST|YIELD ANALYSIS|WAFER SORT TEST|YIELD ANALYSIS|WAFER SORT TEST|YIELD ANALYSIS|WAFER SORT TEST|YIELD ANALYSIS|WAFER SORT TEST|YIELD ANALYSIS|WAFER SORT TEST|YIELD ANALYSIS|WAFER SORT TEST|YIELD ANALYSIS|WAFER SORT TEST|YIELD ANALYSIS|WAFER SORT TEST|YIELD ANALYSIS|WAFER SORT TEST|YIELD ANALYSIS|WAFER SORT TEST|YIELD ANALYSIS|WAFER SORT TEST|YIELD ANALYSIS
cp_mosfet_3_0.6,DEPOSIT TUNGSTEN SEED|FILL VIA TUNGSTEN|CMP VIA FILL|MEASURE CONTACT RESISTANCE|DEPOSIT TOP METAL|ANNEAL METAL 1|SPIN COAT PHOTORESIST|SOFT BAKE|ALIGN MASK LEVEL 4|EXPOSE LITHO LEVEL 4|DEVELOP PHOTORESIST|METAL PATTERN INSPECTION|HARD BAKE|METAL ETCH DRY|STRIP PHOTORESIST|CLEAN AFTER METAL ETCH|MEASURE LINE WIDTH|DEPOSIT PASSIVATION|CURE PASSIVATION|MEASURE PASSIVATION QUALITY|OPEN PAD WINDOW|PAD WINDOW LITHO|DEVELOP PAD WINDOW|PASSIVATION ETCH PAD OPENING|STRIP RESIST|CLEAN PAD OPENING|MEASURE PAD OPENING|BACKSIDE GRIND|MEASURE WAFER THICKNESS|BACKSIDE ETCH CLEAN|BACKSIDE RINSE|BACKSIDE DRY|BACKSIDE METALLIZATION PREP|DEPOSIT BACKSIDE METAL|BACKSIDE ANNEAL|MEASURE BACKSIDE CONTACT|FINAL CLEAN|FINAL THICKNESS MEASURE|FINAL GEOMETRY CHECK|FINAL CD INSPECTION|FINAL PARTICLE INSPECTION|FINAL ELECTRICAL TEST PREP|PARAMETRIC TEST|LEAKAGE TEST|THRESHOLD VOLTAGE TEST|SWITCHING TEST|WAFER SORT TEST|YIELD ANALYSIS|WAFER SORT TEST|YIELD ANALYSIS|WAFER SORT TEST|YIELD ANALYSIS|WAFER SORT TEST|YIELD ANALYSIS|WAFER SORT TEST|YIELD ANALYSIS|WAFER SORT TEST|YIELD ANALYSIS|WAFER SORT TEST|YIELD ANALYSIS|WAFER SORT TEST|YIELD ANALYSIS|WAFER SORT TEST|YIELD ANALYSIS|WAFER SORT TEST|YIELD ANALYSIS|WAFER SORT TEST|YIELD ANALYSIS|WAFER SORT TEST|YIELD ANALYSIS|WAFER SORT TEST|YIELD ANALYSIS|WAFER SORT TEST|YIELD ANALYSIS|WAFER SORT TEST|YIELD ANALYSIS|WAFER SORT TEST|YIELD ANALYSIS|WAFER SORT TEST|YIELD ANALYSIS|WAFER SORT TEST|YIELD ANALYSIS|WAFER SORT TEST|YIELD ANALYSIS|WAFER SORT TEST|YIELD ANALYSIS|WAFER SORT TEST|YIELD ANALYSIS|WAFER SORT TEST|YIELD ANALYSIS|WAFER SORT TEST|YIELD ANALYSIS|WAFER SORT TEST|YIELD ANALYSIS|WAFER SORT TEST|YIELD ANALYSIS|WAFER SORT TEST|YIELD ANALYSIS|WAFER SORT TEST|YIELD ANALYSIS|WAFER SORT TEST|YIELD ANALYSIS|WAFER SORT TEST|YIELD ANALYSIS|WAFER SORT TEST|YIELD ANALYSIS|WAFER SORT TEST|YIELD ANALYSIS|WAFER SORT TEST|YIELD ANALYSIS|WAFER SORT TEST|YIELD ANALYSIS|WAFER SORT TEST|YIELD ANALYSIS|WAFER SORT TEST|YIELD ANALYSIS|WAFER SORT TEST|YIELD ANALYSIS|WAFER SORT TEST|YIELD ANALYSIS|WAFER SORT TEST|YIELD ANALYSIS|WAFER SORT TEST|YIELD ANALYSIS|WAFER SORT TEST|YIELD ANALYSIS|WAFER SORT TEST|YIELD ANALYSIS|WAFER SORT TEST|YIELD ANALYSIS|WAFER SORT TEST|YIELD ANALYSIS|WAFER SORT TEST|YIELD ANALYSIS|WAFER SORT TEST|YIELD ANALYSIS|WAFER SORT TEST|YIELD ANALYSIS|WAFER SORT TEST|YIELD ANALYSIS|WAFER SORT TEST
cp_mosfet_3_0.8,STRIP PHOTORESIST|CLEAN PAD OPENING|MEASURE PAD OPENING|BACKSIDE GRIND|MEASURE WAFER THICKNESS|BACKSIDE ETCH CLEAN|BACKSIDE RINSE|BACKSIDE DRY|BACKSIDE METALLIZATION PREP|DEPOSIT BACKSIDE METAL|BACKSIDE ANNEAL|MEASURE BACKSIDE CONTACT|FINAL CLEAN|FINAL THICKNESS MEASURE|FINAL GEOMETRY CHECK|FINAL CD INSPECTION|FINAL PARTICLE INSPECTION|FINAL ELECTRICAL TEST PREP|PARAMETRIC TEST|LEAKAGE TEST|THRESHOLD VOLTAGE TEST|SWITCHING TEST|WAFER SORT TEST|YIELD ANALYSIS|WAFER SORT TEST|YIELD ANALYSIS|WAFER SORT TEST|YIELD ANALYSIS|WAFER SORT TEST|YIELD ANALYSIS|WAFER SORT TEST|YIELD ANALYSIS|WAFER SORT TEST|YIELD ANALYSIS|WAFER SORT TEST|YIELD ANALYSIS|WAFER SORT TEST|YIELD ANALYSIS|WAFER SORT TEST|YIELD ANALYSIS|WAFER SORT TEST|YIELD ANALYSIS|WAFER SORT TEST|YIELD ANALYSIS|WAFER SORT TEST|YIELD ANALYSIS|WAFER SORT TEST|YIELD ANALYSIS|WAFER SORT TEST|YIELD ANALYSIS|WAFER SORT TEST|YIELD ANALYSIS|WAFER SORT TEST|YIELD ANALYSIS|WAFER SORT TEST|YIELD ANALYSIS|WAFER SORT TEST|YIELD ANALYSIS|WAFER SORT TEST|YIELD ANALYSIS|WAFER SORT TEST|YIELD ANALYSIS|WAFER SORT TEST|YIELD ANALYSIS|WAFER SORT TEST|YIELD ANALYSIS|WAFER SORT TEST|YIELD ANALYSIS|WAFER SORT TEST|YIELD ANALYSIS|WAFER SORT TEST|YIELD ANALYSIS|WAFER SORT TEST|YIELD ANALYSIS|WAFER SORT TEST|YIELD ANALYSIS|WAFER SORT TEST|YIELD ANALYSIS|WAFER SORT TEST|YIELD ANALYSIS|WAFER SORT TEST|YIELD ANALYSIS|WAFER SORT TEST|YIELD ANALYSIS|WAFER SORT TEST|YIELD ANALYSIS|WAFER SORT TEST|YIELD ANALYSIS|WAFER SORT TEST|YIELD ANALYSIS|WAFER SORT TEST|YIELD ANALYSIS|WAFER SORT TEST|YIELD ANALYSIS|WAFER SORT TEST|YIELD ANALYSIS|WAFER SORT TEST|YIELD ANALYSIS|WAFER SORT TEST|YIELD ANALYSIS|WAFER SORT TEST|YIELD ANALYSIS|WAFER SORT TEST|YIELD ANALYSIS|WAFER SORT TEST|YIELD ANALYSIS|WAFER SORT TEST|YIELD ANALYSIS|WAFER SORT TEST|YIELD ANALYSIS|WAFER SORT TEST|YIELD ANALYSIS|WAFER SORT TEST|YIELD ANALYSIS|WAFER SORT TEST
cp_mosfet_4_0.6,DEPOSIT BARRIER METAL|DEPOSIT METAL SEED|FILL VIA METAL|CMP METAL|MEASURE CONTACT RESISTANCE|DEPOSIT TOP METAL|ANNEAL METAL 1|SPIN COAT PHOTORESIST|SOFT BAKE|ALIGN MASK LEVEL 4|EXPOSE LITHO LEVEL 4|DEVELOP PHOTORESIST|METAL PATTERN INSPECTION|HARD BAKE|METAL ETCH DRY|STRIP PHOTORESIST|CLEAN AFTER METAL ETCH|MEASURE LINE WIDTH|DEPOSIT PASSIVATION|CURE PASSIVATION|MEASURE PASSIVATION QUALITY|OPEN PAD WINDOW|PAD WINDOW LITHO|DEVELOP PAD WINDOW|PASSIVATION ETCH PAD OPENING|STRIP RESIST|CLEAN PAD OPENING|MEASURE PAD OPENING|BACKSIDE GRIND|MEASURE WAFER THICKNESS|BACKSIDE ETCH CLEAN|BACKSIDE RINSE|BACKSIDE DRY|BACKSIDE METALLIZATION PREP|DEPOSIT BACKSIDE METAL|BACKSIDE ANNEAL|MEASURE BACKSIDE CONTACT|FINAL CLEAN|FINAL THICKNESS MEASURE|FINAL GEOMETRY CHECK|FINAL CD INSPECTION|FINAL PARTICLE INSPECTION|FINAL ELECTRICAL TEST PREP|PARAMETRIC TEST|LEAKAGE TEST|THRESHOLD VOLTAGE TEST|SWITCHING TEST|WAFER SORT TEST|YIELD ANALYSIS|WAFER SORT TEST|YIELD ANALYSIS|WAFER SORT TEST|YIELD ANALYSIS|WAFER SORT TEST|YIELD ANALYSIS|WAFER SORT TEST|YIELD ANALYSIS|WAFER SORT TEST|YIELD ANALYSIS|WAFER SORT TEST|YIELD ANALYSIS|WAFER SORT TEST|YIELD ANALYSIS|WAFER SORT TEST|YIELD ANALYSIS|WAFER SORT TEST|YIELD ANALYSIS|WAFER SORT TEST|YIELD ANALYSIS|WAFER SORT TEST|YIELD ANALYSIS|WAFER SORT TEST|YIELD ANALYSIS|WAFER SORT TEST|YIELD ANALYSIS|WAFER SORT TEST|YIELD ANALYSIS|WAFER SORT TEST|YIELD ANALYSIS|WAFER SORT TEST|YIELD ANALYSIS|WAFER SORT TEST|YIELD ANALYSIS|WAFER SORT TEST|YIELD ANALYSIS|WAFER SORT TEST|YIELD ANALYSIS|WAFER SORT TEST|YIELD ANALYSIS|WAFER SORT TEST|YIELD ANALYSIS|WAFER SORT TEST|YIELD ANALYSIS|WAFER SORT TEST|YIELD ANALYSIS|WAFER SORT TEST|YIELD ANALYSIS|WAFER SORT TEST|YIELD ANALYSIS|WAFER SORT TEST|YIELD ANALYSIS|WAFER SORT TEST|YIELD ANALYSIS|WAFER SORT TEST|YIELD ANALYSIS|WAFER SORT TEST|YIELD ANALYSIS|WAFER SORT TEST|YIELD ANALYSIS|WAFER SORT TEST|YIELD ANALYSIS|WAFER SORT TEST|YIELD ANALYSIS|WAFER SORT TEST|YIELD ANALYSIS|WAFER SORT TEST|YIELD ANALYSIS|WAFER SORT TEST|YIELD ANALYSIS|WAFER SORT TEST|YIELD ANALYSIS|WAFER SORT TEST|YIELD ANALYSIS|WAFER SORT TEST|YIELD ANALYSIS|WAFER SORT TEST|YIELD ANALYSIS|WAFER SORT TEST|YIELD ANALYSIS|WAFER SORT TEST|YIELD ANALYSIS|WAFER SORT TEST|YIELD ANALYSIS|WAFER SORT TEST|YIELD ANALYSIS|WAFER SORT TEST|YIELD ANALYSIS|WAFER SORT TEST|YIELD ANALYSIS|WAFER SORT TEST|YIELD ANALYSIS|WAFER SORT TEST|YIELD ANALYSIS|WAFER SORT TEST
cp_mosfet_4_0.8,STRIP RESIST|CLEAN PAD OPENING|MEASURE PAD OPENING|BACKSIDE GRIND|MEASURE WAFER THICKNESS|BACKSIDE ETCH CLEAN|BACKSIDE RINSE|BACKSIDE DRY|BACKSIDE METALLIZATION PREP|DEPOSIT BACKSIDE METAL|BACKSIDE ANNEAL|MEASURE BACKSIDE CONTACT|FINAL CLEAN|FINAL THICKNESS MEASURE|FINAL GEOMETRY CHECK|FINAL CD INSPECTION|FINAL PARTICLE INSPECTION|FINAL ELECTRICAL TEST PREP|PARAMETRIC TEST|LEAKAGE TEST|THRESHOLD VOLTAGE TEST|SWITCHING TEST|WAFER SORT TEST|YIELD ANALYSIS|WAFER SORT TEST|YIELD ANALYSIS|WAFER SORT TEST|YIELD ANALYSIS|WAFER SORT TEST|YIELD ANALYSIS|WAFER SORT TEST|YIELD ANALYSIS|WAFER SORT TEST|YIELD ANALYSIS|WAFER SORT TEST|YIELD ANALYSIS|WAFER SORT TEST|YIELD ANALYSIS|WAFER SORT TEST|YIELD ANALYSIS|WAFER SORT TEST|YIELD ANALYSIS|WAFER SORT TEST|YIELD ANALYSIS|WAFER SORT TEST|YIELD ANALYSIS|WAFER SORT TEST|YIELD ANALYSIS|WAFER SORT TEST|YIELD ANALYSIS|WAFER SORT TEST|YIELD ANALYSIS|WAFER SORT TEST|YIELD ANALYSIS|WAFER SORT TEST|YIELD ANALYSIS|WAFER SORT TEST|YIELD ANALYSIS|WAFER SORT TEST|YIELD ANALYSIS|WAFER SORT TEST|YIELD ANALYSIS|WAFER SORT TEST|YIELD ANALYSIS|WAFER SORT TEST|YIELD ANALYSIS|WAFER SORT TEST|YIELD ANALYSIS|WAFER SORT TEST|YIELD ANALYSIS|WAFER SORT TEST|YIELD ANALYSIS|WAFER SORT TEST|YIELD ANALYSIS|WAFER SORT TEST|YIELD ANALYSIS|WAFER SORT TEST|YIELD ANALYSIS|WAFER SORT TEST|YIELD ANALYSIS|WAFER SORT TEST|YIELD ANALYSIS|WAFER SORT TEST|YIELD ANALYSIS|WAFER SORT TEST|YIELD ANALYSIS|WAFER SORT TEST|YIELD ANALYSIS|WAFER SORT TEST|YIELD ANALYSIS|WAFER SORT TEST|YIELD ANALYSIS|WAFER SORT TEST|YIELD ANALYSIS|WAFER SORT TEST|YIELD ANALYSIS|WAFER SORT TEST|YIELD ANALYSIS|WAFER SORT TEST|YIELD ANALYSIS|WAFER SORT TEST|YIELD ANALYSIS|WAFER SORT TEST|YIELD ANALYSIS|WAFER SORT TEST|YIELD ANALYSIS|WAFER SORT TEST|YIELD ANALYSIS|WAFER SORT TEST|YIELD ANALYSIS|WAFER SORT TEST|YIELD ANALYSIS|WAFER SORT TEST|YIELD ANALYSIS|WAFER SORT TEST|YIELD ANALYSIS|WAFER SORT TEST|YIELD ANALYSIS|WAFER SORT TEST
cp_mosfet_5_0.6,DEPOSIT METAL SEED|FILL VIA METAL|CMP METAL|MEASURE CONTACT RESISTANCE|DEPOSIT TOP METAL|ANNEAL METAL 1|SPIN COAT PHOTORESIST|SOFT BAKE|ALIGN MASK LEVEL 4|EXPOSE LITHO LEVEL 4|DEVELOP PHOTORESIST|METAL PATTERN INSPECTION|HARD BAKE|METAL ETCH DRY|STRIP PHOTORESIST|CLEAN AFTER METAL ETCH|MEASURE LINE WIDTH|DEPOSIT PASSIVATION|CURE PASSIVATION|MEASURE PASSIVATION QUALITY|OPEN PAD WINDOW|PAD WINDOW LITHO|DEVELOP PAD WINDOW|PASSIVATION ETCH PAD OPENING|STRIP RESIST|CLEAN PAD OPENING|MEASURE PAD OPENING|BACKSIDE GRIND|MEASURE WAFER THICKNESS|BACKSIDE ETCH CLEAN|BACKSIDE RINSE|BACKSIDE DRY|BACKSIDE METALLIZATION PREP|DEPOSIT BACKSIDE METAL|BACKSIDE ANNEAL|MEASURE BACKSIDE CONTACT|FINAL CLEAN|FINAL THICKNESS MEASURE|FINAL GEOMETRY CHECK|FINAL CD INSPECTION|FINAL PARTICLE INSPECTION|FINAL ELECTRICAL TEST PREP|PARAMETRIC TEST|LEAKAGE TEST|THRESHOLD VOLTAGE TEST|SWITCHING TEST|WAFER SORT TEST|YIELD ANALYSIS|WAFER SORT TEST|YIELD ANALYSIS|WAFER SORT TEST|YIELD ANALYSIS|WAFER SORT TEST|YIELD ANALYSIS|WAFER SORT TEST|YIELD ANALYSIS|WAFER SORT TEST|YIELD ANALYSIS|WAFER SORT TEST|YIELD ANALYSIS|WAFER SORT TEST|YIELD ANALYSIS|WAFER SORT TEST|YIELD ANALYSIS|WAFER SORT TEST|YIELD ANALYSIS|WAFER SORT TEST|YIELD ANALYSIS|WAFER SORT TEST|YIELD ANALYSIS|WAFER SORT TEST|YIELD ANALYSIS|WAFER SORT TEST|YIELD ANALYSIS|WAFER SORT TEST|YIELD ANALYSIS|WAFER SORT TEST|YIELD ANALYSIS|WAFER SORT TEST|YIELD ANALYSIS|WAFER SORT TEST|YIELD ANALYSIS|WAFER SORT TEST|YIELD ANALYSIS|WAFER SORT TEST|YIELD ANALYSIS|WAFER SORT TEST|YIELD ANALYSIS|WAFER SORT TEST|YIELD ANALYSIS|WAFER SORT TEST|YIELD ANALYSIS|WAFER SORT TEST|YIELD ANALYSIS|WAFER SORT TEST|YIELD ANALYSIS|WAFER SORT TEST|YIELD ANALYSIS|WAFER SORT TEST|YIELD ANALYSIS|WAFER SORT TEST|YIELD ANALYSIS|WAFER SORT TEST|YIELD ANALYSIS|WAFER SORT TEST|YIELD ANALYSIS|WAFER SORT TEST|YIELD ANALYSIS|WAFER SORT TEST|YIELD ANALYSIS|WAFER SORT TEST|YIELD ANALYSIS|WAFER SORT TEST|YIELD ANALYSIS|WAFER SORT TEST|YIELD ANALYSIS|WAFER SORT TEST|YIELD ANALYSIS|WAFER SORT TEST|YIELD ANALYSIS|WAFER SORT TEST|YIELD ANALYSIS|WAFER SORT TEST|YIELD ANALYSIS|WAFER SORT TEST|YIELD ANALYSIS|WAFER SORT TEST|YIELD ANALYSIS|WAFER SORT TEST|YIELD ANALYSIS|WAFER SORT TEST|YIELD ANALYSIS|WAFER SORT TEST|YIELD ANALYSIS|WAFER SORT TEST|YIELD ANALYSIS|WAFER SORT TEST|YIELD ANALYSIS|WAFER SORT TEST|YIELD ANALYSIS|WAFER SORT TEST|YIELD ANALYSIS|WAFER SORT TEST|YIELD ANALYSIS|WAFER SORT TEST|YIELD ANALYSIS
cp_mosfet_5_0.8,STRIP RESIST|CLEAN PAD OPENING|MEASURE PAD OPENING|BACKSIDE GRIND|MEASURE WAFER THICKNESS|BACKSIDE ETCH CLEAN|BACKSIDE RINSE|BACKSIDE DRY|BACKSIDE METALLIZATION PREP|DEPOSIT BACKSIDE METAL|BACKSIDE ANNEAL|MEASURE BACKSIDE CONTACT|FINAL CLEAN|FINAL THICKNESS MEASURE|FINAL GEOMETRY CHECK|FINAL CD INSPECTION|FINAL PARTICLE INSPECTION|FINAL ELECTRICAL TEST PREP|PARAMETRIC TEST|LEAKAGE TEST|THRESHOLD VOLTAGE TEST|SWITCHING TEST|WAFER SORT TEST|YIELD ANALYSIS|WAFER SORT TEST|YIELD ANALYSIS|WAFER SORT TEST|YIELD ANALYSIS|WAFER SORT TEST|YIELD ANALYSIS|WAFER SORT TEST|YIELD ANALYSIS|WAFER SORT TEST|YIELD ANALYSIS|WAFER SORT TEST|YIELD ANALYSIS|WAFER SORT TEST|YIELD ANALYSIS|WAFER SORT TEST|YIELD ANALYSIS|WAFER SORT TEST|YIELD ANALYSIS|WAFER SORT TEST|YIELD ANALYSIS|WAFER SORT TEST|YIELD ANALYSIS|WAFER SORT TEST|YIELD ANALYSIS|WAFER SORT TEST|YIELD ANALYSIS|WAFER SORT TEST|YIELD ANALYSIS|WAFER SORT TEST|YIELD ANALYSIS|WAFER SORT TEST|YIELD ANALYSIS|WAFER SORT TEST|YIELD ANALYSIS|WAFER SORT TEST|YIELD ANALYSIS|WAFER SORT TEST|YIELD ANALYSIS|WAFER SORT TEST|YIELD ANALYSIS|WAFER SORT TEST|YIELD ANALYSIS|WAFER SORT TEST|YIELD ANALYSIS|WAFER SORT TEST|YIELD ANALYSIS|WAFER SORT TEST|YIELD ANALYSIS|WAFER SORT TEST|YIELD ANALYSIS|WAFER SORT TEST|YIELD ANALYSIS|WAFER SORT TEST|YIELD ANALYSIS|WAFER SORT TEST|YIELD ANALYSIS|WAFER SORT TEST|YIELD ANALYSIS|WAFER SORT TEST|YIELD ANALYSIS|WAFER SORT TEST|YIELD ANALYSIS|WAFER SORT TEST|YIELD ANALYSIS|WAFER SORT TEST|YIELD ANALYSIS|WAFER SORT TEST|YIELD ANALYSIS|WAFER SORT TEST|YIELD ANALYSIS|WAFER SORT TEST|YIELD ANALYSIS|WAFER SORT TEST|YIELD ANALYSIS|WAFER SORT TEST|YIELD ANALYSIS|WAFER SORT TEST|YIELD ANALYSIS|WAFER SORT TEST|YIELD ANALYSIS|WAFER SORT TEST|YIELD ANALYSIS|WAFER SORT TEST|YIELD ANALYSIS|WAFER SORT TEST|YIELD ANALYSIS|WAFER SORT TEST|YIELD ANALYSIS|WAFER SORT TEST|YIELD ANALYSIS|WAFER SORT TEST|YIELD ANALYSIS|WAFER SORT TEST|YIELD ANALYSIS|WAFER SORT TEST|YIELD ANALYSIS|WAFER SORT TEST|YIELD ANALYSIS
cp_mosfet_6_0.6,MEASURE VIA CD|DEPOSIT BARRIER METAL|DEPOSIT METAL SEED|FILL VIA METAL|CMP METAL|MEASURE CONTACT RESISTANCE|DEPOSIT TOP METAL|ANNEAL METAL 1|SPIN COAT PHOTORESIST|SOFT BAKE|ALIGN MASK LEVEL 4|EXPOSE LITHO LEVEL 4|DEVELOP PHOTORESIST|METAL PATTERN INSPECTION|HARD BAKE|METAL ETCH DRY|STRIP PHOTORESIST|CLEAN AFTER METAL ETCH|MEASURE LINE WIDTH|DEPOSIT PASSIVATION|CURE PASSIVATION|MEASURE PASSIVATION QUALITY|OPEN PAD WINDOW|PAD WINDOW LITHO|DEVELOP PAD WINDOW|PASSIVATION ETCH PAD OPENING|STRIP RESIST|CLEAN PAD OPENING|MEASURE PAD OPENING|BACKSIDE GRIND|MEASURE WAFER THICKNESS|BACKSIDE ETCH CLEAN|BACKSIDE RINSE|BACKSIDE DRY|BACKSIDE METALLIZATION PREP|DEPOSIT BACKSIDE METAL|BACKSIDE ANNEAL|MEASURE BACKSIDE CONTACT|FINAL CLEAN|FINAL THICKNESS MEASURE|FINAL GEOMETRY CHECK|FINAL CD INSPECTION|FINAL PARTICLE INSPECTION|FINAL ELECTRICAL TEST PREP|PARAMETRIC TEST|LEAKAGE TEST|THRESHOLD VOLTAGE TEST|SWITCHING TEST|WAFER SORT TEST|YIELD ANALYSIS|WAFER SORT TEST|YIELD ANALYSIS|WAFER SORT TEST|YIELD ANALYSIS|WAFER SORT TEST|YIELD ANALYSIS|WAFER SORT TEST|YIELD ANALYSIS|WAFER SORT TEST|YIELD ANALYSIS|WAFER SORT TEST|YIELD ANALYSIS|WAFER SORT TEST|YIELD ANALYSIS|WAFER SORT TEST|YIELD ANALYSIS|WAFER SORT TEST|YIELD ANALYSIS|WAFER SORT TEST|YIELD ANALYSIS|WAFER SORT TEST|YIELD ANALYSIS|WAFER SORT TEST|YIELD ANALYSIS|WAFER SORT TEST|YIELD ANALYSIS|WAFER SORT TEST|YIELD ANALYSIS|WAFER SORT TEST|YIELD ANALYSIS|WAFER SORT TEST|YIELD ANALYSIS|WAFER SORT TEST|YIELD ANALYSIS|WAFER SORT TEST|YIELD ANALYSIS|WAFER SORT TEST|YIELD ANALYSIS|WAFER SORT TEST|YIELD ANALYSIS|WAFER SORT TEST|YIELD ANALYSIS|WAFER SORT TEST|YIELD ANALYSIS|WAFER SORT TEST|YIELD ANALYSIS|WAFER SORT TEST|YIELD ANALYSIS|WAFER SORT TEST|YIELD ANALYSIS|WAFER SORT TEST|YIELD ANALYSIS|WAFER SORT TEST|YIELD ANALYSIS|WAFER SORT TEST|YIELD ANALYSIS|WAFER SORT TEST|YIELD ANALYSIS|WAFER SORT TEST|YIELD ANALYSIS|WAFER SORT TEST|YIELD ANALYSIS|WAFER SORT TEST|YIELD ANALYSIS|WAFER SORT TEST|YIELD ANALYSIS|WAFER SORT TEST|YIELD ANALYSIS|WAFER SORT TEST|YIELD ANALYSIS|WAFER SORT TEST|YIELD ANALYSIS|WAFER SORT TEST|YIELD ANALYSIS|WAFER SORT TEST|YIELD ANALYSIS|WAFER SORT TEST|YIELD ANALYSIS|WAFER SORT TEST|YIELD ANALYSIS|WAFER SORT TEST|YIELD ANALYSIS|WAFER SORT TEST|YIELD ANALYSIS|WAFER SORT TEST|YIELD ANALYSIS|WAFER SORT TEST|YIELD ANALYSIS|WAFER SORT TEST|YIELD ANALYSIS|WAFER SORT TEST|YIELD ANALYSIS|WAFER SORT TEST|YIELD ANALYSIS
cp_mosfet_6_0.8,PASSIVATION ETCH PAD OPENING|STRIP RESIST|CLEAN PAD OPENING|MEASURE PAD OPENING|BACKSIDE GRIND|MEASURE WAFER THICKNESS|BACKSIDE ETCH CLEAN|BACKSIDE RINSE|BACKSIDE DRY|BACKSIDE METALLIZATION PREP|DEPOSIT BACKSIDE METAL|BACKSIDE ANNEAL|MEASURE BACKSIDE CONTACT|FINAL CLEAN|FINAL THICKNESS MEASURE|FINAL GEOMETRY CHECK|FINAL CD INSPECTION|FINAL PARTICLE INSPECTION|FINAL ELECTRICAL TEST PREP|PARAMETRIC TEST|LEAKAGE TEST|THRESHOLD VOLTAGE TEST|SWITCHING TEST|WAFER SORT TEST|YIELD ANALYSIS|WAFER SORT TEST|YIELD ANALYSIS|WAFER SORT TEST|YIELD ANALYSIS|WAFER SORT TEST|YIELD ANALYSIS|WAFER SORT TEST|YIELD ANALYSIS|WAFER SORT TEST|YIELD ANALYSIS|WAFER SORT TEST|YIELD ANALYSIS|WAFER SORT TEST|YIELD ANALYSIS|WAFER SORT TEST|YIELD ANALYSIS|WAFER SORT TEST|YIELD ANALYSIS|WAFER SORT TEST|YIELD ANALYSIS|WAFER SORT TEST|YIELD ANALYSIS|WAFER SORT TEST|YIELD ANALYSIS|WAFER SORT TEST|YIELD ANALYSIS|WAFER SORT TEST|YIELD ANALYSIS|WAFER SORT TEST|YIELD ANALYSIS|WAFER SORT TEST|YIELD ANALYSIS|WAFER SORT TEST|YIELD ANALYSIS|WAFER SORT TEST|YIELD ANALYSIS|WAFER SORT TEST|YIELD ANALYSIS|WAFER SORT TEST|YIELD ANALYSIS|WAFER SORT TEST|YIELD ANALYSIS|WAFER SORT TEST|YIELD ANALYSIS|WAFER SORT TEST|YIELD ANALYSIS|WAFER SORT TEST|YIELD ANALYSIS|WAFER SORT TEST|YIELD ANALYSIS|WAFER SORT TEST|YIELD ANALYSIS|WAFER SORT TEST|YIELD ANALYSIS|WAFER SORT TEST|YIELD ANALYSIS|WAFER SORT TEST|YIELD ANALYSIS|WAFER SORT TEST|YIELD ANALYSIS|WAFER SORT TEST|YIELD ANALYSIS|WAFER SORT TEST|YIELD ANALYSIS|WAFER SORT TEST|YIELD ANALYSIS|WAFER SORT TEST|YIELD ANALYSIS|WAFER SORT TEST|YIELD ANALYSIS|WAFER SORT TEST|YIELD ANALYSIS|WAFER SORT TEST|YIELD ANALYSIS|WAFER SORT TEST|YIELD ANALYSIS|WAFER SORT TEST|YIELD ANALYSIS|WAFER SORT TEST|YIELD ANALYSIS|WAFER SORT TEST|YIELD ANALYSIS|WAFER SORT TEST|YIELD ANALYSIS|WAFER SORT TEST|YIELD ANALYSIS|WAFER SORT TEST|YIELD ANALYSIS|WAFER SORT TEST|YIELD ANALYSIS|WAFER SORT TEST|YIELD ANALYSIS|WAFER SORT TEST
cp_mosfet_7_0.6,DEPOSIT BARRIER METAL|DEPOSIT METAL SEED|FILL VIA METAL|CMP METAL|MEASURE CONTACT RESISTANCE|DEPOSIT TOP METAL|ANNEAL METAL 1|SPIN COAT PHOTORESIST|SOFT BAKE|ALIGN MASK LEVEL 4|EXPOSE LITHO LEVEL 4|DEVELOP PHOTORESIST|METAL PATTERN INSPECTION|HARD BAKE|METAL ETCH DRY|STRIP PHOTORESIST|CLEAN AFTER METAL ETCH|MEASURE LINE WIDTH|DEPOSIT PASSIVATION|CURE PASSIVATION|MEASURE PASSIVATION QUALITY|OPEN PAD WINDOW|PAD WINDOW LITHO|DEVELOP PAD WINDOW|PASSIVATION ETCH PAD OPENING|STRIP RESIST|CLEAN PAD OPENING|MEASURE PAD OPENING|BACKSIDE GRIND|MEASURE WAFER THICKNESS|BACKSIDE ETCH CLEAN|BACKSIDE RINSE|BACKSIDE DRY|BACKSIDE METALLIZATION PREP|DEPOSIT BACKSIDE METAL|BACKSIDE ANNEAL|MEASURE BACKSIDE CONTACT|FINAL CLEAN|FINAL THICKNESS MEASURE|FINAL GEOMETRY CHECK|FINAL CD INSPECTION|FINAL PARTICLE INSPECTION|FINAL ELECTRICAL TEST PREP|PARAMETRIC TEST|LEAKAGE TEST|THRESHOLD VOLTAGE TEST|SWITCHING TEST|WAFER SORT TEST|YIELD ANALYSIS|WAFER SORT TEST|YIELD ANALYSIS|WAFER SORT TEST|YIELD ANALYSIS|WAFER SORT TEST|YIELD ANALYSIS|WAFER SORT TEST|YIELD ANALYSIS|WAFER SORT TEST|YIELD ANALYSIS|WAFER SORT TEST|YIELD ANALYSIS|WAFER SORT TEST|YIELD ANALYSIS|WAFER SORT TEST|YIELD ANALYSIS|WAFER SORT TEST|YIELD ANALYSIS|WAFER SORT TEST|YIELD ANALYSIS|WAFER SORT TEST|YIELD ANALYSIS|WAFER SORT TEST|YIELD ANALYSIS|WAFER SORT TEST|YIELD ANALYSIS|WAFER SORT TEST|YIELD ANALYSIS|WAFER SORT TEST|YIELD ANALYSIS|WAFER SORT TEST|YIELD ANALYSIS|WAFER SORT TEST|YIELD ANALYSIS|WAFER SORT TEST|YIELD ANALYSIS|WAFER SORT TEST|YIELD ANALYSIS|WAFER SORT TEST|YIELD ANALYSIS|WAFER SORT TEST|YIELD ANALYSIS|WAFER SORT TEST|YIELD ANALYSIS|WAFER SORT TEST|YIELD ANALYSIS|WAFER SORT TEST|YIELD ANALYSIS|WAFER SORT TEST|YIELD ANALYSIS|WAFER SORT TEST|YIELD ANALYSIS|WAFER SORT TEST|YIELD ANALYSIS|WAFER SORT TEST|YIELD ANALYSIS|WAFER SORT TEST|YIELD ANALYSIS|WAFER SORT TEST|YIELD ANALYSIS|WAFER SORT TEST|YIELD ANALYSIS|WAFER SORT TEST|YIELD ANALYSIS|WAFER SORT TEST|YIELD ANALYSIS|WAFER SORT TEST|YIELD ANALYSIS|WAFER SORT TEST|YIELD ANALYSIS|WAFER SORT TEST|YIELD ANALYSIS|WAFER SORT TEST|YIELD ANALYSIS|WAFER SORT TEST|YIELD ANALYSIS|WAFER SORT TEST|YIELD ANALYSIS|WAFER SORT TEST|YIELD ANALYSIS|WAFER SORT TEST|YIELD ANALYSIS|WAFER SORT TEST|YIELD ANALYSIS|WAFER SORT TEST|YIELD ANALYSIS|WAFER SORT TEST|YIELD ANALYSIS|WAFER SORT TEST|YIELD ANALYSIS|WAFER SORT TEST|YIELD ANALYSIS|WAFER SORT TEST|YIELD ANALYSIS|WAFER SORT TEST|YIELD ANALYSIS|WAFER SORT TEST
cp_mosfet_7_0.8,PASSIVATION ETCH|STRIP PHOTORESIST|CLEAN PAD OPENING|MEASURE PAD OPENING|BACKSIDE GRIND|MEASURE WAFER THICKNESS|BACKSIDE ETCH CLEAN|BACKSIDE RINSE|BACKSIDE DRY|BACKSIDE METALLIZATION PREP|DEPOSIT BACKSIDE METAL|BACKSIDE ANNEAL|MEASURE BACKSIDE CONTACT|FINAL CLEAN|FINAL THICKNESS MEASURE|FINAL GEOMETRY CHECK|FINAL CD INSPECTION|FINAL PARTICLE INSPECTION|FINAL ELECTRICAL TEST PREP|PARAMETRIC TEST|LEAKAGE TEST|THRESHOLD VOLTAGE TEST|SWITCHING TEST|WAFER SORT TEST|YIELD ANALYSIS|WAFER SORT TEST|YIELD ANALYSIS|WAFER SORT TEST|YIELD ANALYSIS|WAFER SORT TEST|YIELD ANALYSIS|WAFER SORT TEST|YIELD ANALYSIS|WAFER SORT TEST|YIELD ANALYSIS|WAFER SORT TEST|YIELD ANALYSIS|WAFER SORT TEST|YIELD ANALYSIS|WAFER SORT TEST|YIELD ANALYSIS|WAFER SORT TEST|YIELD ANALYSIS|WAFER SORT TEST|YIELD ANALYSIS|WAFER SORT TEST|YIELD ANALYSIS|WAFER SORT TEST|YIELD ANALYSIS|WAFER SORT TEST|YIELD ANALYSIS|WAFER SORT TEST|YIELD ANALYSIS|WAFER SORT TEST|YIELD ANALYSIS|WAFER SORT TEST|YIELD ANALYSIS|WAFER SORT TEST|YIELD ANALYSIS|WAFER SORT TEST|YIELD ANALYSIS|WAFER SORT TEST|YIELD ANALYSIS|WAFER SORT TEST|YIELD ANALYSIS|WAFER SORT TEST|YIELD ANALYSIS|WAFER SORT TEST|YIELD ANALYSIS|WAFER SORT TEST|YIELD ANALYSIS|WAFER SORT TEST|YIELD ANALYSIS|WAFER SORT TEST|YIELD ANALYSIS|WAFER SORT TEST|YIELD ANALYSIS|WAFER SORT TEST|YIELD ANALYSIS|WAFER SORT TEST|YIELD ANALYSIS|WAFER SORT TEST|YIELD ANALYSIS|WAFER SORT TEST|YIELD ANALYSIS|WAFER SORT TEST|YIELD ANALYSIS|WAFER SORT TEST|YIELD ANALYSIS|WAFER SORT TEST|YIELD ANALYSIS|WAFER SORT TEST|YIELD ANALYSIS|WAFER SORT TEST|YIELD ANALYSIS|WAFER SORT TEST|YIELD ANALYSIS|WAFER SORT TEST|YIELD ANALYSIS|WAFER SORT TEST|YIELD ANALYSIS|WAFER SORT TEST|YIELD ANALYSIS|WAFER SORT TEST|YIELD ANALYSIS|WAFER SORT TEST|YIELD ANALYSIS|WAFER SORT TEST|YIELD ANALYSIS|WAFER SORT TEST|YIELD ANALYSIS|WAFER SORT TEST|YIELD ANALYSIS|WAFER SORT TEST|YIELD ANALYSIS|WAFER SORT TEST|YIELD ANALYSIS|WAFER SORT TEST|YIELD ANALYSIS|WAFER SORT TEST|YIELD ANALYSIS|WAFER SORT TEST
